iteration,rmse,bias,rho.max,rho.null,c.ov,k.exp,tau
1,48.51162750332466,-18.436795234617975,350.7490802376947,82.61701627734875,4.6997705425010626e-05,0.13657450394195947,0.039510134911787814
2,69.86226931913859,46.416169281991074,402.83482200629754,124.28436846720882,0.0009206041328595738,0.1010397159714664,0.034171961085143435
3,58.75805763290474,34.7661345242827,498.20155600275484,104.66031975852742,0.0009879259182175061,0.027603843361041783,0.028856560329584974
4,59.57746689613069,34.77304831486791,352.3119890406724,119.21304027864096,0.0008621361028869381,0.16999630717476677,0.05559900315626491
5,47.78263215675301,-17.006077199852786,361.570351922786,87.7289770298032,8.086827370578243e-05,0.1050751147985019,0.052166828598776395
6,48.35396941119806,22.020571629726614,449.85663712517544,93.68765146718393,0.0009089761159561087,0.03257027835193292,0.03309678186027296
7,47.331959837426126,17.818037869713457,371.9391692555291,95.3377084379247,0.0009854046898214058,0.14064415496422641,0.05771698278525059
8,44.348842450259774,17.338146084236918,432.0183941032333,102.06731197199603,0.0005832869687816883,0.1511116494223862,0.042010304411019245
9,40.67068212702769,7.560109131442903,440.48797928675816,107.20210967448416,0.00025014455050442465,0.1857490186237204,0.04771885342733078
10,45.39469895148564,19.773831235973166,457.4815372355084,119.66276510507382,0.0002708588088896045,0.048908113178978835,0.04406478432918051
11,41.128229015676865,8.94180769266361,461.0030325893744,78.62010625868889,0.000817639601999797,0.0924239625329894,0.01612323630368368
12,40.1106464119058,-8.14083953742007,435.0974675787332,80.5127393799798,0.0005686932481005512,0.16104465587207484,0.05862764320585102
13,45.957170194799495,18.80243438515079,486.9832317502337,96.65662405197739,0.0007843015565074548,0.1138794893457438,0.0414514071196047
14,59.49477861506629,38.22876033899421,479.0984533294122,118.42508370525452,0.0005879160756553775,0.15512590450539165,0.017065266652540722
15,40.3600344266972,-7.763498596498161,425.3199680920684,81.35897254522735,0.0004234888380494547,0.07052781612950795,0.04525158204795197
16,43.82991958808949,15.690605828003726,459.618722310957,89.04293766151929,0.0007315612326867705,0.14517737758309007,0.022738594284662204
17,46.82213850080597,-17.534589301150117,411.81653177193334,84.18368494267045,0.00014586084002753656,0.06377962201924546,0.05330324352044213
18,64.75610327377531,43.61904989989877,453.1136025249167,123.4062768883715,0.0006052416977542539,0.1695053759838508,0.011454549978138065
19,43.26585561355831,13.1022772574575,356.36680901970686,78.87079400164154,0.0009661100724298484,0.12625985127311537,0.01464375468871637
20,47.299420095777734,21.393196652233044,414.73556626543854,111.54892381932862,0.0005319619381712309,0.1169681489173001,0.049390231643329174
21,39.793055305948116,-5.299301344015229,354.0411689885916,86.50912832901102,0.0004424874709850845,0.08169555838486917,0.054030668428014496
22,47.8340523187649,24.5411488361109,359.22370578944475,113.84809071574335,0.00029007472510655876,0.03418499937433632,0.01818728967312492
23,53.64101851236258,29.70660145643586,482.7119453573025,96.10584466447487,0.0009421159729723376,0.1491135427331431,0.01113871505186403
24,60.43736026845209,36.4856563499778,381.458014336082,110.30807818288154,0.0009544770532733053,0.1307018631496315,0.03482790152726697
25,40.828222113293165,8.968684775411619,379.5444895385933,109.16314286160207,0.00030572999630193226,0.02416745024111719,0.054731889440434
26,62.51106871487586,38.080788671465406,496.77220527560155,125.70807492069412,0.0008270048495741963,0.07107879820880346,0.05871290753391677
27,52.73473184370322,30.056037401987137,494.77633985241306,116.42987855099938,0.000518672722089937,0.05819772845441839,0.03342501396276399
28,51.487607449151604,27.749741973178892,428.69841914922534,112.39204308008341,0.0006210257641029663,0.15784581629157524,0.03923281560699612
29,59.59094120212531,36.83106805291147,377.0853921663165,121.77167673816005,0.0006269912525615399,0.05702190223384274,0.035559353194032466
30,54.5844271072217,33.26566839379277,404.6464058640415,122.44348324200912,0.0003933696602739978,0.07672195843422253,0.025692894827943763
31,63.271811928731644,40.281098578330216,493.28483855641264,117.81599484247889,0.0008072086610796665,0.11360967061093528,0.0306571003027404
32,42.838608204850615,14.297438541755577,474.8779428414113,114.63863614317343,0.00012693511334813047,0.12778104482434113,0.0313935265133696
33,43.96519516533536,-1.4521800958297504,436.4744981749936,97.21327026314229,2.4883323727983777e-05,0.05531427228119338,0.019804571562565078
34,41.8592851841644,-10.980897237343818,463.7800106836351,85.61818626350559,0.0003242407220929118,0.09670712263050146,0.05671371249826694
35,46.97643395187635,-14.652395065216634,489.23170019610444,92.0150324973947,5.7229538085207525e-05,0.17572965349148376,0.051890653413674805
36,48.51612412039882,25.436371607638563,386.2391884918766,124.77877741662445,0.00023516819778396982,0.037600229287750045,0.036519917030571745
37,51.920291095952585,-22.02630015199669,443.5896226070833,72.3759278817296,7.352405232238888e-05,0.014056158029749466,0.020873988214477106
38,44.52004684581534,19.267979074549405,392.4985844582977,104.15351615815416,0.00046016178061608295,0.043122194963988766,0.029519097642824406
39,39.82566717463,5.202246636946107,439.31522578460067,90.654411812738,0.0005555138014080839,0.06195504575095059,0.04552906122950966
40,44.230856354801055,-17.07845927203567,388.9875911927288,77.44936886087153,0.000379963933448585,0.1991969504926548,0.05938079243230682
41,64.47972506817167,42.85388428490709,383.72620685175116,120.72716235553142,0.0006780154776050692,0.04753250228541893,0.015505853321066677
42,41.47969741570306,-2.905164207885589,408.07377389470906,101.11777260636266,0.00017105066240552552,0.1877461005486063,0.0534984873263341
43,43.4547746173829,16.851528835721567,431.2840632923086,115.07039612548122,0.0002590346212109004,0.1809345737003546,0.04079682865853203
44,41.47768985336163,12.4500940424277,466.0610004998781,94.19164951253359,0.0004351142943630825,0.1728424992055964,0.019324591291067013
45,49.83835449492715,-21.6723745339487,399.61488031032815,74.1597390257267,0.0001071260731563559,0.08359707950316667,0.03239392862879216
46,39.63888605478359,1.7978727191591122,450.5888977841392,98.55275019048197,0.0002177460892527283,0.19542933754146624,0.04042075908399817
47,42.91865524017562,-13.022151512755412,374.777354579379,72.64339379436763,0.0003482655232995775,0.12057907001091964,0.027007164868385045
48,60.18891011305352,38.056784969259624,373.84374847004625,112.95761259279621,0.0007419997770775179,0.16361482241712882,0.01755022022050884
49,39.80337166843459,6.731019530788096,477.3919484121874,89.91687303993879,0.000535488847366212,0.03798124246524004,0.03707095270643972
50,54.61355677311255,31.54435109803225,455.2300144533983,126.68519187295067,0.0004923297559144659,0.1937822291996004,0.05084722150084138
51,70.284602794768,48.78608371973307,394.57950290582755,126.8212090484333,0.0006892807080086024,0.1521047542475969,0.010104012426961625
52,46.208080229383214,19.33586170568568,473.95170415892505,87.1283063384285,0.000880192032989817,0.0733509453973457,0.013364300275146661
53,40.8955303254348,-11.736943195854996,412.484110543023,70.76057144512794,0.0006662223980318514,0.10787052369175897,0.04875137367510126
54,54.58276258177573,31.065010145101493,426.1862055356118,105.65464688266837,0.0007672354945608392,0.029466723667164144,0.02405131993988586
55,42.79453128283555,15.680519304723905,469.0444865201096,107.82461788995269,0.0003448103963003434,0.08723994699270318,0.037440538700945
56,39.79982001836978,-6.38547230649659,384.6503666440535,75.84369101533869,0.00047182366612753585,0.07932119499269423,0.02864785472181397
57,43.06891869468382,13.46857601793118,481.47579383339155,84.9705958297784,0.0007895444908223442,0.09370329702527208,0.0216481432834413
58,54.39030620331003,30.66729165020138,445.44490423052304,100.25377776016097,0.0008423107486236871,0.08913534844478077,0.012970713322811356
59,48.40078452779025,23.472641992824293,470.10336344233724,98.89077881699248,0.0006952014250020335,0.11104728560813831,0.02393837764928406
60,40.018703603565996,7.873860758011179,447.8809171687058,92.6014258366603,0.00036937421674501625,0.13253773537398048,0.022513978119969705
61,44.869885808228666,-18.04844377637481,419.3551287236846,73.31159508852164,0.0003091549582975463,0.1774940506892842,0.04344632849779073
62,39.806727363484384,-6.203686199337653,397.74292118037545,70.84646688973456,0.0008748230684601814,0.1665478050267474,0.04839388884037934
63,55.934317045436664,33.04357074917081,366.24407646968956,128.1146305747539,0.0005007365100853152,0.018694260713893365,0.05048406088914844
64,44.234731976968376,-10.87193780383883,422.68213270210055,90.97768624837659,9.463653355112352e-05,0.041303775094290424,0.04323533963697823
65,59.51277637240647,35.79374065250401,369.32504456870794,109.54254731865385,0.0009027155354096289,0.12239821336775057,0.031152144232407905
66,50.39772010832649,28.52762933787099,491.00627251716014,129.21457746052124,0.00014928062221915034,0.13746953574639592,0.027961939802608343
67,51.81643120418334,27.890614442165706,390.06285837137347,102.88117723429284,0.0007516746876940932,0.011516601493299167,0.02615195677502796
68,40.22930814543511,1.2691954093272302,420.34873285801,101.78076454309618,0.00020098806103585913,0.0506943478207246,0.0471971951129574
69,54.26711611839308,-26.765237873515574,407.9248945898842,79.81707922541912,3.776686411143703e-05,0.10342259302856517,0.05641723994380948
70,55.56739822508158,33.055875405331534,464.07188454759347,106.77840844380196,0.0007160334050867069,0.1922485832782766,0.012194152760132027
71,54.289344024662434,-21.438379957438677,484.081457604638,74.93641929894983,9.760909464232807e-06,0.06778057162822987,0.014960101662493064
72,39.14862112911321,0.8775505274752036,363.2150897038029,83.29863850146205,0.0004019325296959513,0.14304643511932147,0.020077246039683416
73,42.205329814609094,12.399668375430116,417.6706049911785,115.97247841450597,0.00018674110815468636,0.01560459241371831,0.046340894932573956
74,51.96775721039914,30.65652400884318,400.85421557725255,129.16895245105914,0.0001840301090474274,0.021061450003010698,0.025088935837673614
75,39.190389129187665,-2.7482787010499012,365.61679469623294,76.79614152808901,0.0006521985396714142,0.18336575751140288,0.03847478614756503
76,39.63020465209707,-4.339371104762931,363.2150897038029,78.47108909529786,0.00041861433785257246,0.14304643511932147,0.02437473028586692
77,59.88034869289034,36.37840228231134,361.55390936885146,124.28436846720882,0.0006946721107892811,0.1496120607178727,0.049701259463514794
78,60.68771323935276,37.19136387821827,380.9515189289284,104.66031975852742,0.0009879259182175061,0.1126944867376531,0.0179471699650254
79,41.350415178778846,-10.522846020117907,375.85967745101016,78.75349802297433,0.0003343634769476708,0.16999630717476677,0.03855480674905173
80,44.05242255375133,-15.823855265889769,361.570351922786,73.22348727721459,0.0003072550628885931,0.1050751147985019,0.03463727652280702
81,48.28040850814727,21.891809431445402,378.26218269813154,93.68765146718393,0.0009089761159561087,0.1746649984111949,0.03371186543501848
82,39.31902823341239,-1.1172772527725934,429.539769895235,84.95979763145107,0.0006466513822187522,0.09379611073215072,0.05771698278525059
83,42.37703068665756,10.814542980723333,355.50979061399204,102.06731197199603,0.00018256064695679772,0.18411403711352958,0.01333691169298112
84,43.181356793311785,-9.006460394256868,360.5402308610535,80.93697262600543,0.0001739112377167551,0.09129322132390005,0.01754050027837468
85,41.51815408790842,9.61047954493351,392.5784349220498,81.50724422384192,0.0008187858245714503,0.048908113178978835,0.02637263945287336
86,45.95574267473792,-15.127563747414309,415.42507222344386,78.62010625868889,0.0001329791282602314,0.19310256383583085,0.02753944552630029
87,42.03482722082213,11.242899369800003,403.61755925375127,101.81273017528463,0.0005686932481005512,0.1323490655353113,0.05862764320585102
88,40.99039076516353,-2.7440167476241872,447.8184868295657,88.72888340178682,0.00017259416597913602,0.14934732190419542,0.022105835862674096
89,44.015143368876544,-4.445244654277336,459.93483775120126,91.71884626893112,5.120266166742265e-05,0.08058941254432211,0.017065266652540722
90,39.64657934451399,3.4883165604549156,450.23191978325247,80.06973514266716,0.000739487105483248,0.12770316574182677,0.036346966180841045
91,46.96920249246965,23.1995482058796,374.4459941723834,108.27911234759786,0.00046139947026386873,0.1044033234465675,0.02832955027505986
92,43.025639049049225,-10.35656218852561,369.57138256478544,74.05675381553289,0.0002919533692828716,0.1620677364862487,0.01219153685989905
93,49.02032628903686,25.789396074745422,481.0004992585772,105.52937101763267,0.0004939216804712808,0.04073520015690084,0.011454549978138065
94,46.38847571336444,21.346463232166993,432.71733468584176,100.99855041473158,0.000507406817984174,0.05759972686505243,0.016069246971121443
95,43.853672914866166,16.105779070607838,352.70926023351166,119.50793175572223,0.00022231497740260106,0.09305305053070742,0.049390231643329174
96,39.318499112699854,-1.711383963018899,354.0411689885916,83.47693671063112,0.0006389972180912399,0.14687115608222476,0.054030668428014496
97,44.86716779206587,20.188290191326303,430.80435010145584,113.84809071574335,0.00023681554738048526,0.11806733874880389,0.02616067976073551
98,46.35976259601809,19.72347676754037,482.7119453573025,86.70531696751723,0.0008988872984089806,0.13662159574427665,0.01113871505186403
99,40.035251637303546,9.08294892728148,381.458014336082,95.51017228958051,0.00045319640352787545,0.1307018631496315,0.037008464484657715
100,39.80477041677259,3.9302162250212462,379.5444895385933,100.27858121419462,0.0002182550569844729,0.02416745024111719,0.03864855854955288
101,43.75659810192598,14.975895384520712,385.4839406859917,84.29094532931056,0.0008270048495741963,0.07107879820880346,0.016462828548135768
102,41.285133667400515,11.408214709487153,379.04431126887744,90.97647823657876,0.0005561498482077039,0.151539243950393,0.026720953531055164
103,52.480100935229466,26.79436720878134,398.1159035281215,112.39204308008341,0.0007701739569387768,0.09535947060609275,0.055533828971756974
104,51.47459071254596,29.94893750650087,410.78993468017154,121.77167673816005,0.00028989358492521227,0.05702190223384274,0.021819151937315772
105,41.58898342659905,10.953405318860137,404.6464058640415,92.26862140105233,0.00041420174852373865,0.09018650942425142,0.011822263855171645
106,50.40225531529838,27.6275625968024,353.5028144492279,115.37281683701062,0.000466794376615564,0.09996651947776636,0.03292615044409453
107,43.10961760282221,-10.258960054006801,497.14810672440274,86.08902552211642,0.00012693511334813047,0.10561548682945415,0.034170371798657326
108,47.231465910839724,22.87669707682087,436.4744981749936,119.00681084001025,0.0001169886410035296,0.05531427228119338,0.01199176904245022
109,43.07469926965324,14.146898831468759,380.4489118588658,85.61818626350559,0.0007396033258289251,0.1039216241663934,0.014028946814464146
110,43.35534495243818,12.847292508550463,489.23170019610444,122.8094042752891,0.00010039614020106619,0.1844852831494989,0.04979936385577842
111,40.60296732325779,8.589710780441939,496.1291665724536,106.34252955974017,0.00033457334220258166,0.10267136931954003,0.05235304134919497
112,41.73550228119262,5.29723683017049,399.2627510638338,104.45276926000291,7.352405232238888e-05,0.19735431620449206,0.02546958933775898
113,43.29854728209379,-15.156160804910563,487.9296536984075,80.5051635024748,0.0003538690882357266,0.08082817612048016,0.059662750771148194
114,41.28702713919051,11.102326823844257,368.6534317940901,90.654411812738,0.0004612947022050506,0.1299902852248588,0.011878554519945368
115,43.219850240727986,-9.498663798597036,388.9875911927288,77.44936886087153,0.0002226015180557087,0.1991969504926548,0.01216397466702369
116,40.814172747381,-7.022847416523939,385.5242714633829,74.0865226778904,0.0004045279810464841,0.1768405560458622,0.015459188289256975
117,39.306799417180095,-1.7364450119627177,358.44122181648595,89.51023320645702,0.0004561187814259489,0.18987940849544516,0.0534984873263341
118,41.41397675470863,-8.83508334514347,379.6336773505649,84.30100272056765,0.0002590346212109004,0.1809345737003546,0.04079682865853203
119,42.48614268917952,13.332964209144652,466.0610004998781,86.63657923313772,0.0006659432269113286,0.1728424992055964,0.012333075105413649
120,39.3870131474377,-2.7712673508079066,436.31140809292225,74.1597390257267,0.0006082284670666575,0.13717953788554618,0.023623023648692135
121,51.998162061459134,27.759541771127953,459.38521143704645,98.55275019048197,0.0008104251606927311,0.0716523012821477,0.017492171517172847
122,39.6566620977356,5.209099312937352,374.777354579379,82.18137253605568,0.0006363746451590928,0.17908266413519253,0.027007164868385045
123,50.983152471122885,28.043537396855307,459.950542944253,110.56752385529742,0.0005221955146711752,0.15778715030118018,0.02459128887935587
124,44.81438073733322,17.16508563832999,357.7984027966561,89.91687303993879,0.0007887543735246116,0.016031315420867845,0.02664923428844159
125,39.952907299440334,7.7311456826027944,422.6806992620016,88.14517067671218,0.0004923297559144659,0.1466121654875313,0.02252251307535412
126,44.01236346658339,-0.7634994348933085,391.79645946725543,98.84252524402501,1.641068497435763e-05,0.13749021652312035,0.020763151219854954
127,59.43286532258898,38.27345283734408,438.14507679818234,120.35082369881792,0.0005426013013978431,0.19579041898254101,0.018033979235592256
128,57.18670230393726,-31.37505687619278,412.484110543023,70.76057144512794,6.180939888076188e-05,0.02754850034116192,0.04875137367510126
129,55.50666060143504,32.58372070850959,422.31917369429715,105.65464688266837,0.0007672354945608392,0.08111057817068192,0.01785860552639249
130,50.86672123055389,26.247608112859123,386.9032557582669,107.82461788995269,0.0007292589682843945,0.1190443124018761,0.04199603213482802
131,41.41644566837078,-11.121769257496135,356.3035128433669,75.32165824288535,0.0003782491430702283,0.07932119499269423,0.03398321537150504
132,39.35203301795359,2.235527689194436,481.47579383339155,86.96575869229352,0.0003521371743275488,0.15027706225985923,0.0216481432834413
133,42.40769704420383,-2.860901579590312,372.48080396566115,88.25964881304691,0.00014203561706810694,0.08913534844478077,0.012970713322811356
134,40.658389103354125,0.3890380918784135,366.5586067011355,93.59204495740472,0.0001490681599285533,0.19620627105009172,0.022193468404911064
135,42.057627240161295,13.038629719742653,447.8809171687058,90.10003685230323,0.0006028492030386535,0.13253773537398048,0.022513978119969705
136,41.88773940074432,-8.83801283330421,392.66166523035315,79.10569494365375,0.0002625570104135586,0.1683825232790544,0.02389225816032827
137,55.9547519322498,30.15472080416358,447.3148079239079,106.17465892963952,0.0009922108830827153,0.1665478050267474,0.04839388884037934
138,39.451719061444514,4.706235340865891,369.82694866308077,87.85103829869644,0.0004398561998581951,0.018694260713893365,0.02738487558404555
139,44.95352807075627,-7.23618683783912,367.031096348943,85.29967339659486,9.463653355112352e-05,0.17407474488372887,0.010819981596432899
140,40.82358319578745,9.559250480913672,369.32504456870794,96.54052425217934,0.00028749720919666894,0.12239821336775057,0.017235812107341035
141,47.511196022138634,21.522101664813608,393.5736656029377,99.77435331404884,0.0007437919514906576,0.08465300953998596,0.03763307265930849
142,53.325126295323805,29.827002984054662,449.6727729649782,102.88117723429284,0.0007516746876940932,0.011516601493299167,0.017631979004012716
143,48.824017286408726,22.345536106082196,384.88045079623794,101.78076454309618,0.000801656470514562,0.0506943478207246,0.044516142345036445
144,47.617516560855506,-15.072277322491693,407.9248945898842,82.88713593042439,3.776686411143703e-05,0.10342259302856517,0.026871618918214116
145,55.660640800713765,33.7259159279353,377.64325937257684,111.19083658259515,0.0006057307996357327,0.16486369912840332,0.012194152760132027
146,40.01242869463744,-3.9012410677863305,359.0133285228778,74.93641929894983,0.0004746331080111828,0.13047260199957483,0.014960101662493064
147,39.396171023544746,-3.5488218616168794,393.7585452894076,85.12204228279458,0.0003742237117544129,0.07714548271001556,0.039510134911787814
148,41.160993001154424,-6.548864377169003,404.9717175169628,91.81626070078907,0.00020412998575891736,0.18933647683741106,0.046340894932573956
149,43.855983955011084,16.530344315621246,400.85421557725255,94.74712187522917,0.0005449613552565329,0.021061450003010698,0.017664162423487628
150,39.74332972953494,-6.841680412292074,368.6161051570666,76.79614152808901,0.0006521985396714142,0.15919104459669509,0.05146930729381473
151,39.27704092272537,1.6982413824168974,363.2150897038029,82.86314808385998,0.00047684044317150033,0.1468070640557187,0.024934610959958605
152,38.98673059344763,-0.061798866461246355,491.63132575191617,84.7645289137825,0.000432452748271215,0.1991470839230146,0.032513840522079535
153,48.7337340729188,21.77157070842106,405.4031195134148,93.97451694078758,0.0009879259182175061,0.13611112033882355,0.041082621517696524
154,39.87434486380571,-5.972492789443691,496.6324888131104,83.67631458784044,0.0003343634769476708,0.10219378659541768,0.03855480674905173
155,40.316023343713695,6.8917596145012885,361.570351922786,81.69571002131899,0.0007188721048384247,0.1050751147985019,0.027383547964202948
156,39.22343589415896,-3.719757880852081,378.26218269813154,83.95850685856843,0.0003879893654847342,0.1746649984111949,0.03810651985463933
157,39.31536418903973,3.2167388331589017,452.36976825272245,84.48633728615954,0.00046047858308526915,0.18817872663153762,0.02286766635533506
158,42.46773879139073,-9.100207811336928,476.1938248183539,89.91145253782047,0.00018256064695679772,0.153256886563394,0.04635390424795455
159,54.06169081341125,32.11567170045219,440.48797928675816,111.80133927239181,0.0005465790983538172,0.1857490186237204,0.014718103560521448
160,39.66815393069144,5.731362033748459,437.3652615332444,89.76650920823676,0.00041037718120746995,0.04545211840590184,0.02637263945287336
161,40.76150170838174,-5.446545292982712,424.0110050620093,78.62010625868889,0.00032154338771231894,0.18321025360461035,0.01612323630368368
162,45.15801295515959,-16.214853371707544,435.0974675787332,80.5127393799798,0.0001901750267400493,0.17859430947917154,0.04473021792286646
163,39.22914222660722,-4.034486959814457,459.1215616994745,77.36434816652044,0.0005884600832223087,0.16169492414513936,0.03848248939267331
164,39.51905347063483,6.4316369279557914,486.7591772512449,88.99564791662364,0.0005034132702112433,0.08058941254432211,0.031836494789892165
165,39.72559383587273,-4.625043983164881,454.786888753467,70.73521512690473,0.0006490148408213856,0.19540920927860705,0.020900642387990262
166,42.16135507723131,-13.126004237844624,459.618722310957,74.16523434805057,0.00039144390089949183,0.023720505213685725,0.038672478652491196
167,44.17246791238826,-16.21944004827246,369.57138256478544,78.36523073696648,0.0002919533692828716,0.13065162704529001,0.05056421868733357
168,40.24447247083605,-2.328660458659996,442.8403406114721,86.57499909127633,0.00024318338191657378,0.12082247745642836,0.023391287184735224
169,39.69229769111403,5.441484006889579,356.36680901970686,86.23041932610293,0.00046297296684647866,0.058386115519092764,0.020715506502401337
170,39.276111864605696,2.071519418691627,498.42466171219223,87.15548699408761,0.0005953918377506395,0.17332714851337816,0.049390231643329174
171,41.46564300407594,-10.72258972055755,493.0399426479755,83.47693671063112,0.0003504718627385535,0.04942718412312702,0.054030668428014496
172,44.22185389702001,19.084381650077457,497.3086022864286,109.88907944297625,0.0003432963229152079,0.11806733874880389,0.032273691599620964
173,39.14414090484274,1.4630256362266043,414.14645244160016,86.70531696751723,0.0005007218549043336,0.09371459167124321,0.04089287359331434
174,39.313968186791996,3.3405586178883215,452.7802180654799,96.62580768659696,0.00024831166746076236,0.1307018631496315,0.035537367597110424
175,44.25077373800265,-15.075279435778999,460.5828835356957,79.50529841761086,0.0002182550569844729,0.12918968603194989,0.04227781152139451
176,40.29373328222286,-6.933947539505204,385.4839406859917,84.29094532931056,0.0002891612549881738,0.19686508496955385,0.03849855914196485
177,40.14569952374406,8.271450404595278,447.8355354276051,90.97647823657876,0.00039000132226588803,0.1395472520537116,0.017122395285385297
178,39.48359557805732,5.2892201827436605,471.2805293780269,88.75941497382911,0.0005448274686936708,0.15784581629157524,0.03923281560699612
179,51.47459071254596,29.94893750650087,410.78993468017154,121.77167673816005,0.00028989358492521227,0.19995279705151844,0.021819151937315772
180,46.00633396172529,-18.855492301933605,485.0145989544144,74.15444660813513,0.00022853167765173813,0.1654397919811322,0.03921685313521734
181,50.50435056068636,27.738233455491798,383.92273997031776,115.37281683701062,0.000466794376615564,0.1713392993214935,0.032698338321085436
182,48.19711575121099,-19.599072774594372,483.81507044752857,76.08850591696549,0.00012693511334813047,0.15346147881507474,0.034287782089534556
183,41.09914691328691,11.929511129671283,486.7743973200479,96.85654024500458,0.00045250207019056904,0.1470133236618056,0.0317277120873389
184,39.44579437089048,-2.1986453552808665,479.4446069713213,85.61818626350559,0.0003242407220929118,0.09670712263050146,0.030264467921633138
185,58.66037534705853,37.15250515680045,440.73192353764875,122.8094042752891,0.0004955371627066832,0.09929314175591751,0.024187515341223688
186,41.34830684161124,9.528189953688514,397.76779502087066,93.94203985313304,0.00033457334220258166,0.17979169910746418,0.012672044735625738
187,43.27557528266527,16.762217733140503,399.2627510638338,104.45276926000291,0.0003494838555785644,0.15393069990226,0.02546958933775898
188,40.950761919728684,-9.02677449990182,481.2513049615955,80.5051635024748,0.0003159603050337865,0.06727667541802693,0.03692698845513127
189,40.15346336049895,-6.4687416657609385,422.35070111455053,77.16251236249227,0.0004040980300336142,0.1969228199530053,0.025981337381119306
190,40.16711269872158,3.69407627572362,426.97550244958467,88.96957773960808,0.00029283889377715853,0.19504051635098332,0.011819096702782927
191,40.49642547508358,-6.196383513808596,385.5242714633829,74.0865226778904,0.00043098225208277317,0.1768405560458622,0.015459188289256975
192,39.068600322474204,2.6283668955561046,473.0864659000774,89.51023320645702,0.00034836759244404026,0.06419642503828565,0.0293930977933974
193,44.97310259248444,-16.685918936371994,379.6336773505649,73.74657021595229,0.0002590346212109004,0.13248029224851038,0.03316995095456804
194,39.46857243065253,1.3824089932781665,484.04255589985354,76.41894887815195,0.0006407996837173181,0.1777285229290344,0.019324591291067013
195,40.11713634258342,-8.215586999656857,463.2565922875464,79.83496578561338,0.0005584972434027076,0.13717953788554618,0.056180407534864626
196,39.7543122167546,6.733180026751325,462.25628741422736,89.38850137968583,0.0004190710278920303,0.19735347073006887,0.021639016142551988
197,38.88699488454749,0.8898532620036874,455.1866441048297,82.69905818184965,0.0005182912953825815,0.16957668962740707,0.03186166226020937
198,42.05199645799091,13.637277621556075,460.90475113275943,94.03494512518378,0.0005221955146711752,0.13225221758330538,0.02459128887935587
199,40.852602599675414,7.782799867421437,479.24813050016763,89.91687303993879,0.000728146729136569,0.03798124246524004,0.052361035233907956
200,49.30026707476304,25.604808861145912,397.1253554136553,106.5149892783945,0.0005356325127988979,0.14663149996599417,0.02252251307535412
201,47.35269894420715,-11.657251643473469,391.79645946725543,85.32240224299281,1.641068497435763e-05,0.16855364040491627,0.01690228883513004
202,46.208080229383214,19.33586170568568,440.17366434696163,87.1283063384285,0.000880192032989817,0.18861756433889748,0.013364300275146661
203,46.92807718106791,-20.456172903858317,482.81083595444954,75.2980818976211,0.00023759633951063133,0.18985717985024828,0.04875137367510126
204,39.36348376451797,3.080357311105753,472.0636686222036,87.45421455738061,0.0003814685345801746,0.16065566453100136,0.02405131993988586
205,38.875132694277305,1.971218642643663,465.2232075883665,86.5181347801486,0.00042301380874564193,0.11048918989925781,0.03047751976606793
206,39.221603844035684,-2.588720795733367,384.6503666440535,75.84369101533869,0.0007051227623736525,0.10328941826094579,0.03960657596500528
207,45.174002309546815,17.68232151698955,472.53876529386446,115.07227947514507,9.503948799292216e-05,0.1292196178866843,0.01557686672958367
208,39.6299044976133,2.3856515757286325,372.48080396566115,88.25964881304691,0.00028661910604751745,0.08913534844478077,0.014922324067760805
209,39.32588568612932,1.6572334555653134,422.50881000231897,93.59204495740472,0.00038140523378424985,0.12919528824667348,0.04630585505252642
210,39.77642065455952,7.202174947377688,447.8809171687058,92.6014258366603,0.00039911647229345134,0.14379317563605443,0.029388216426487482
211,40.88581281440953,11.355307829048918,392.66166523035315,95.86546273670406,0.0003858587713055934,0.09398044490083296,0.022688620110571683
212,38.98041655589668,-1.3928030880125113,351.8104902950927,85.96321176343348,0.00048080148612737104,0.12546847998200628,0.0455424498055879
213,39.27355342696223,-2.5420465575698454,428.25098175456856,73.78499605564855,0.0006962895416622563,0.0588256504626575,0.030021001223343353
214,39.33461017055968,5.431918446415108,437.92735311325123,90.97768624837659,0.0004496824046307441,0.11148703362008999,0.03587779821741738
215,40.56987260421897,-4.433020333659566,369.32504456870794,81.05460147498378,0.0002923497625947249,0.14671810618643538,0.017235812107341035
216,51.38415893553717,27.286265522958228,439.21210604834226,99.77435331404884,0.0007437919514906576,0.10732763064395948,0.015830428198580555
217,40.82632470436301,12.120314444071337,485.69522316367966,102.88117723429284,0.0003475514593337946,0.12416521945037344,0.03536042773856834
218,40.22930814543511,1.2691954093272302,443.9956962477792,101.78076454309618,0.00020098806103585913,0.09596357552822335,0.0471971951129574
219,48.65734923693556,-12.171476833664542,407.9248945898842,82.88713593042439,3.776686411143703e-05,0.10342259302856517,0.011393082230677778
220,46.391432491941806,20.564899858765074,408.19543818496766,97.6052374574979,0.0007160334050867069,0.08631752606017941,0.03144281694844593
221,39.259010040422176,-2.41665423141975,467.80131181996984,74.93641929894983,0.0006005107777640347,0.13047260199957483,0.024343449407116746
222,39.71790225186984,-6.444919370620177,427.48968331918894,79.60188552774203,0.0004459184769141266,0.14758740147180416,0.039510134911787814
223,42.90429843934726,-15.443225065114467,404.9717175169628,71.81536073292963,0.0004643370017066343,0.18933647683741106,0.046340894932573956
224,39.60038525848758,-5.983038026911356,468.55162454989403,76.35999504794265,0.0004706185942011457,0.15253208013034458,0.0288814170988727
225,38.890240158631826,-0.20278675826320305,480.44312488663275,85.6188004082293,0.0004513656273196115,0.11916968825455991,0.03847478614756503
226,41.417990927548225,-10.128113835301722,491.2915299457847,72.43632741728544,0.00042301380874564193,0.0670501929854343,0.024446323480217018
227,40.60595863248388,6.995520403524673,482.3307727641992,87.46393018343925,0.0006956968736809529,0.07427416332873464,0.043672283589147154
228,48.7337340729188,21.77157070842106,468.754264880262,93.97451694078758,0.0009879259182175061,0.12403666864973859,0.041082621517696524
229,39.93554669926395,-4.52790242510983,493.4311182525431,86.73526959918513,0.0003343634769476708,0.14546430597842902,0.04193824421767944
230,44.51128064443273,19.64990326246227,361.570351922786,112.05011524219384,0.0002703642347334211,0.16417942747038292,0.027383547964202948
231,39.34190761007327,4.53551613933939,468.6702965679364,87.84251505345821,0.0005217123361383249,0.065022202109801,0.0371248045493746
232,39.93938390977404,8.781403577438782,452.36976825272245,95.10248230647085,0.0004454232438834496,0.043127615253298605,0.0359875790133588
233,46.40275296703944,21.70882294869988,355.50979061399204,102.06731197199603,0.00047413898574960356,0.15119345052391092,0.01333691169298112
234,44.80835608031653,-17.610197553235068,492.3149836076743,73.95109357384584,0.00030877246696578415,0.16033013108719404,0.04417521062780631
235,39.7605592729864,6.333413199435651,447.96507389597286,87.82608380415826,0.0004835681189167815,0.04545211840590184,0.02637263945287336
236,40.21162881230845,8.536597552328717,424.0110050620093,90.48711524247094,0.00040742223822909395,0.13221803165265636,0.01612323630368368
237,41.06867531180647,9.521095459475731,435.0974675787332,80.5127393799798,0.0007493084421881934,0.07524917356431327,0.013869071122280339
238,39.5287548145038,7.268849541421498,487.67015272269373,94.58894602401686,0.00041780961523551244,0.08363124761231079,0.03625816515668487
239,39.138511323115765,0.3585419249845704,488.3346304758095,78.47721342577792,0.0006882978201756073,0.08058941254432211,0.0368155592590898
240,57.87141706810557,34.8008278270736,450.23191978325247,117.18204315770188,0.0006881626561823513,0.018412239723594043,0.03582873167895353
241,39.93552817654663,-7.0455182849543165,468.22309190995685,80.5161872962039,0.00039144390089949183,0.023720505213685725,0.038672478652491196
242,43.559176798655166,-14.451777541865544,486.6982629389001,74.05675381553289,0.0002919533692828716,0.1620677364862487,0.030362077181612285
243,43.383020428913156,-16.096207950915264,442.8403406114721,72.49518644231868,0.00037627399059375985,0.10744769447681903,0.04145769240879357
244,45.82119718336965,20.779595411498,496.81475477696944,101.70325966580565,0.00046297296684647866,0.12639677442791292,0.014714521804673274
245,39.51514108395652,5.153604839887128,408.60257296263,87.15548699408761,0.0004632158689758138,0.10871019715740644,0.025534736054372204
246,42.5850508388689,-9.498521227982511,354.0411689885916,76.17036368930326,0.00026412159967396714,0.19144814218878864,0.01424520168501663
247,43.29143657069839,-13.355894286420579,432.0355990473442,70.76072424368411,0.0003432963229152079,0.11338405615990041,0.02051457652807183
248,39.52453791817741,3.308355691598416,425.7523630041246,89.01188923352748,0.0003279471930179788,0.07014224520778167,0.0216614720432703
249,38.90381546231839,-1.5461175951650479,459.10172563754406,81.99042053862107,0.0004771576749821021,0.1307018631496315,0.03396366195878737
250,40.608292780182815,7.687784494904715,379.5444895385933,85.93308207803904,0.0007096898082118993,0.12828726813209693,0.03864855854955288
251,40.27722789590193,7.7097543018240335,450.2541053176091,85.47296260001926,0.0005921631499419043,0.19686508496955385,0.02464786267205454
252,47.409488437967134,22.06182876477406,446.741582043051,95.07989558353223,0.0006982124570989263,0.07641026538396412,0.01403077142791612
253,40.060403063361484,-8.633761670208516,449.5219218380557,74.19464860890778,0.0005448274686936708,0.14832044483641466,0.03923281560699612
254,41.231895284221416,-7.205460321251251,410.78993468017154,79.25886077969975,0.00028989358492521227,0.19995279705151844,0.021819151937315772
255,45.75765833956097,19.443138206661324,438.9498136926182,92.26862140105233,0.0007027971710773013,0.15579973985781512,0.014094442431576804
256,52.16068012680786,30.134674796432968,353.5028144492279,115.37281683701062,0.00046927532184744676,0.09535418996052474,0.02480631007863921
257,50.99839409891699,27.626584856891995,474.8779428414113,114.63863614317343,0.0005452079406297072,0.13126898107943283,0.038516743269778324
258,43.833338427075425,13.658626174267546,436.6644601246561,90.24674150519947,0.0008805741999448674,0.13326019603983288,0.047545535828885405
259,40.500315728704535,7.155653571731292,438.4064558972176,89.46970891246173,0.000375138275823965,0.11489286522259612,0.011283257561408185
260,40.052339370355874,7.629490700290422,412.8811634107277,96.43684085290779,0.0005127276332507721,0.11837354749497406,0.04979936385577842
261,39.27049050058089,-0.09395223077716765,368.26495663993484,91.12677616976485,0.00030946018226066544,0.14491888942594017,0.038208452139710115
262,43.920449888090005,16.31422655558523,452.8737893616082,89.87029534054967,0.0006859694157874842,0.14827569137461308,0.01703767884785886
263,41.74385178930899,-10.726760364844438,379.32687878339846,80.5051635024748,0.0003159603050337865,0.12530344389982562,0.042658725602659764
264,39.48173589621898,3.805278026212398,497.56672773377977,90.71085354048813,0.0005128619267403326,0.10018331786516414,0.04552906122950966
265,41.34191469476635,10.825001984273243,426.97550244958467,88.96957773960808,0.0005016220875921289,0.04710193331696056,0.011819096702782927
266,39.51528852757551,5.453198614946567,428.3632625558385,86.28918044113078,0.00043098225208277317,0.03237937106747921,0.015459188289256975
267,39.06489319969474,3.300053008969201,454.7097979033255,85.19418494568723,0.0005380740650220454,0.06419642503828565,0.03425722185234981
268,39.084914432920264,1.077172764955766,463.6748454750118,91.1690270438561,0.0002970624964074315,0.07586297042594725,0.03357031464651366
269,40.57452113782607,8.223772736458185,414.31271125120315,83.1821230105411,0.0006407996837173181,0.16473344175311477,0.019324591291067013
270,39.236649771226226,1.4284815463646157,434.0194226122106,79.12165649457786,0.0005115591513595807,0.05061573114514332,0.014146802383205637
271,39.685630869390984,4.6217339739489445,495.4822678683957,98.55275019048197,0.0002177460892527283,0.19542933754146624,0.03269266278425261
272,40.66426294038519,9.221733445051798,420.016397233941,104.84697536073334,0.00016393357343048794,0.1991470839230146,0.02825150795784215
273,40.013613696911335,7.757759508280956,463.8839716975734,89.32276859937771,0.0005608404677240026,0.13225221758330538,0.034918340512113656
274,41.80937360513705,13.46260693665095,438.62759648251136,103.9362817627682,0.00038007299900739635,0.1877852474346957,0.037518560681056114
275,38.92156668917527,-0.27532426915275904,371.02168798683147,84.11810261514462,0.00045146368908446287,0.1466121654875313,0.03350512485087528
276,47.729449323357954,21.14401408033615,499.80477227619303,98.84252524402501,0.000815826304630029,0.13009906286479694,0.042478496134058935
277,40.85917256536959,9.479094385795229,410.33322519266284,92.46156937610445,0.00037159670828970355,0.0767609813198652,0.013364300275146661
278,41.30740309515237,-12.81299106001693,465.4354538186744,70.76057144512794,0.0006662223980318514,0.17517856278097924,0.05299884433522037
279,39.26908295141074,3.8475948738804244,413.27253447011003,84.38050712963924,0.00052658805171602,0.1249889816961805,0.02831530782620632
280,40.65498766036114,-8.34060973476093,447.564192652322,79.19143533763072,0.00033567735121335846,0.09919036547116518,0.03186166226020937
281,39.40262080923059,4.169834492669003,384.6503666440535,86.75838569059016,0.0004288954832910029,0.13760886369653444,0.023537219763099852
282,38.92890574684559,-1.154264989464138,481.47579383339155,86.96575869229352,0.0003521371743275488,0.15027706225985923,0.034612708216455165
283,39.44188045552318,1.3354088724718387,372.48080396566115,88.25964881304691,0.00032122843325599294,0.13492446499119112,0.02658333641469085
284,40.43174349898404,-2.704100072669218,455.3544927930695,93.59204495740472,0.0001702116870867791,0.06760344992740841,0.03616333956613682
285,41.05692511605875,11.692654256673322,447.8809171687058,96.18132834295054,0.0004840227963441053,0.07608104711492181,0.03403514806768455
286,38.98593720408288,3.017291367966545,392.66166523035315,89.8527172673158,0.0003858587713055934,0.09398044490083296,0.034032025058181266
287,39.48404856149098,-5.636159678306373,394.9119170369949,74.56130473780514,0.0006677003596440154,0.03626131600723871,0.042162275601871475
288,39.27355342696223,-2.5420465575698454,397.46326604051575,73.78499605564855,0.0006962895416622563,0.12277536021422775,0.030021001223343353
289,40.40887264572438,9.146602231880038,437.92735311325123,90.47114400100278,0.0004496824046307441,0.11148703362008999,0.020507464114759226
290,40.707356460981465,-4.913005776453575,369.32504456870794,80.50816199950889,0.0002923497625947249,0.10774482860495896,0.017235812107341035
291,39.94080664128869,6.445189004100536,393.5736656029377,91.37001971999157,0.0003426270831551232,0.07266858369895564,0.019826228719722415
292,39.62347226709157,-3.579186572466386,392.06907302777677,72.55703487122469,0.0007630207043065576,0.12416521945037344,0.0357991251326188
293,42.3894344876984,0.5717893354017758,464.87664926628884,101.78076454309618,3.384527301897127e-05,0.09596357552822335,0.028905046929482866
294,39.060752433598665,-2.060143118578677,407.9248945898842,84.81040547845626,0.0003837900403139518,0.08534571363150059,0.03437554220992276
295,39.75883855305149,7.235694916324113,489.16731516021594,97.6052374574979,0.0004257694546886751,0.08631752606017941,0.04466887741251366
296,39.28795616734331,-1.1110714478136703,462.6883352990557,92.50709957641375,0.000293746971764268,0.13047260199957483,0.042096804098165214
297,39.11304992685266,-0.18868974489206228,442.68749089330413,87.93215529434697,0.00040047112398697,0.08369027516079702,0.039510134911787814
298,39.649588517445295,4.657453287397059,438.70591550021084,91.81626070078907,0.0005100490387994959,0.18933647683741106,0.0458686218691698
299,39.185297504400815,1.1339247326733009,432.80621330755906,87.75161916161397,0.00034880176099323336,0.1389419914912584,0.0288814170988727
300,39.17606677993169,-1.0764621383186026,489.27209828212665,86.66751367553336,0.00041781488013505985,0.16145113500083524,0.04027607512934253
301,39.240818196343525,1.7837777312877647,479.11014100357943,82.60298628600367,0.000622823691081191,0.11892600946196753,0.03950613967098653
302,39.87835510525134,2.44255332344302,355.78793012122674,83.29863850146205,0.0004019325296959513,0.17409747111045398,0.010218245580150928
303,40.9574645567259,5.138134596172382,424.098971547149,76.34897606363495,0.0009879259182175061,0.0800425268544711,0.03963661456658878
304,39.254640793557265,0.18989699350700162,444.24986321078177,83.67631458784044,0.00041504855969115524,0.02882980170995622,0.026228319289793606
305,40.69066149710027,7.982919982203453,469.80568607639583,84.87800903466956,0.0007188721048384247,0.1050751147985019,0.03515572808942327
306,38.92339729967545,0.930870752926929,448.8171866532536,88.09382515615323,0.00044806776530780987,0.09243285876284696,0.040757181054166314
307,39.69772433800454,2.4484791603949634,394.42317023957867,76.14187616843995,0.0007244082109800459,0.12919164920940257,0.02286766635533506
308,48.62817574321194,21.745526339001245,453.4675051848526,102.06731197199603,0.0008271503683536816,0.18411403711352958,0.05085636410850724
309,41.71742374103475,12.13463691484929,384.8526092686083,107.20210967448416,0.00036610161752072626,0.0652000552412992,0.04771885342733078
310,41.451215277701564,11.914232915465272,437.3652615332444,91.41125133019399,0.0005451690353812631,0.11227779946291877,0.02494308309635691
311,39.07502785980353,3.733533551453294,473.1359626699609,90.75474929722121,0.00040742223822909395,0.13221803165265636,0.03603360516016122
312,39.80677113568568,-5.242129667442037,435.0974675787332,89.27480158966289,0.0004087027508840389,0.16104465587207484,0.05862764320585102
313,39.11952491287485,2.079559018587418,479.11014100357943,82.60298628600367,0.000622823691081191,0.11892600946196753,0.03848248939267331
314,39.696237726484405,-4.346731551481332,436.8309565358284,72.54788764873155,0.0007428674740377395,0.020888132487288102,0.0368155592590898
315,39.31117122942195,-2.5781465985700587,405.73276075262197,86.64545491972335,0.0003032665263177054,0.13903939978473065,0.032467856738035074
316,40.14078474958058,-6.626918544216577,489.6088691818096,82.75697424328172,0.00039144390089949183,0.1767654494247099,0.04310491010750057
317,39.1373509935065,0.8694560303404263,363.0991058837704,90.87896719999212,0.0002919533692828716,0.1620677364862487,0.03277935236100272
318,39.614940990720804,-1.913834112634379,439.05439682237835,89.86785968431059,0.00024318338191657378,0.1033430735094342,0.032937774139188504
319,39.575162625849146,4.579882924753844,391.60013090743314,89.55541803674957,0.0005842632455186297,0.15695607966816424,0.04694681033205208
320,39.23131719861795,3.7009772713170315,483.92847902423796,84.33413147333182,0.0005846489879863953,0.17332714851337816,0.035068361354593715
321,40.8659973266692,-9.614155104412083,445.4220365105355,83.47693671063112,0.0003829467179234894,0.10718871591794601,0.054030668428014496
322,41.92612231103205,-13.22292037040322,404.7825432700978,70.76072424368411,0.0004808711867622517,0.08724681289901359,0.036068038028451266
323,40.07439922440798,-8.640899950998346,383.4972570911008,72.10878458364938,0.0007266159408500927,0.13201408827055985,0.04834309233217865
324,42.10337997655441,0.5157431186059951,459.10172563754406,92.8393370872292,0.00012664453805719242,0.12346679911712319,0.012329274045603404
325,39.80477041677259,3.9302162250212462,379.5444895385933,100.27858121419462,0.0002182550569844729,0.1537421843527831,0.03864855854955288
326,40.09439810349361,7.09711993617769,408.82022436541627,85.47296260001926,0.0005921631499419043,0.0628939015403836,0.027213667345800892
327,39.2741225098005,1.1415123555231887,360.77582009152235,83.34992277143793,0.00039000132226588803,0.06571577596875777,0.017122395285385297
328,39.584799225436285,5.648834397089601,483.875617191002,88.75941497382911,0.0005555765024896632,0.02286407638445849,0.03923281560699612
329,40.54531549705467,-8.713581864075703,419.04852001219166,79.25886077969975,0.0004084391474254559,0.1743048288712127,0.04239805733527471
330,41.174336772134055,10.618690565781913,468.3161354563145,91.83376088623875,0.00041420174852373865,0.09018650942425142,0.011822263855171645
331,39.65014071375941,1.3581182847961424,392.62342396309094,81.06040029720344,0.000761031780705889,0.1476613977653823,0.04849047610732777
332,42.87455057908605,-9.555804032486755,379.27907214138884,86.84608254953223,0.00012693511334813047,0.12778104482434113,0.034062991968817284
333,39.82398581818879,-1.20062492668848,490.54841094806955,96.85654024500458,0.00023983748272355814,0.13204988293053047,0.04706485356682753
334,39.05458793601613,-1.0626407422920159,479.4446069713213,86.0442403996062,0.00047236345680656876,0.09670712263050146,0.04334270191557327
335,40.558658308992975,-6.508003758279888,412.8811634107277,90.18474717311722,0.0002677718266151162,0.09559421750651327,0.04979936385577842
336,43.08466368081348,14.835839275595964,435.8477967814924,91.12677616976485,0.0006763763359574757,0.04984329306958295,0.028093644354681604
337,43.020618310198756,15.003055191934559,456.48842513471027,91.82486714493629,0.0005799108372356329,0.015346240692300173,0.017510320945280666
338,45.70903989302911,-19.33576820739002,481.2513049615955,75.30886111352622,0.0003159603050337865,0.032135384986196544,0.054207532533885855
339,44.08028630523419,-10.982320177561368,497.56672773377977,90.71085354048813,0.00011122300434251488,0.1436949920530197,0.04552906122950966
340,39.51603717864152,4.130875597840124,462.91064033558223,81.43580969520963,0.0005779008880897426,0.06639282657916375,0.021055924678090653
341,40.34060520372114,7.399385863720608,404.6604295650349,86.28918044113078,0.000470526306988449,0.11858861835121137,0.010355403395645179
342,39.73527681111021,5.635165248539156,485.45195587521386,85.12692920446081,0.0005116977272027908,0.06419642503828565,0.021532834631880337
343,39.09540513409764,-1.8316531936975404,458.47554672161954,77.44833574912454,0.0005790577365278392,0.015066019199418648,0.029699862928996942
344,40.14140274343535,1.1429812604563567,436.4200574607282,100.09480711699887,0.00015970291851795534,0.13504391325930204,0.039301931987274455
345,40.019402628776774,0.12809046862793247,431.3383758273673,85.9563708668303,0.00027817806128923315,0.18022755429546142,0.014146802383205637
346,39.225060575892314,1.7012227623555973,492.722278188343,79.34651178333613,0.0005568062024532051,0.054981317476815714,0.020188201437591403
347,39.05322160879242,1.9711702560707898,416.966790830586,84.13967304071562,0.0005563327246484762,0.051022243586200736,0.03729044349195668
348,39.74669035610781,-1.460488544247365,463.8839716975734,89.32276859937771,0.00024587515529547825,0.13225221758330538,0.0298391499384246
349,40.18059770428602,7.329637458436971,410.36709803838494,84.70065794822669,0.0006788908721177664,0.11002215925282041,0.03288665079353333
350,47.428542750018835,-12.049399022290961,371.02168798683147,84.11810261514462,3.2090428154471105e-05,0.10312615706586503,0.01679448797253223
351,43.81522129725429,7.440285799061473,377.44600751223044,108.6679339816287,1.641068497435763e-05,0.10423305058046499,0.020763151219854954
352,39.076368144158884,0.30997730587317884,491.7532876302858,92.46156937610445,0.0003334566666452671,0.053115706687074174,0.042000360225815235
353,41.145745128764396,-12.435476801700847,412.484110543023,70.10615029494768,0.0006662223980318514,0.10529630637082735,0.04875137367510126
354,40.010619352484376,-4.535931207318452,435.1839806039562,72.59156214387588,0.00052658805171602,0.08224827684076787,0.013411942691382888
355,39.62364393484346,4.5734501640389205,404.9112417154552,82.69905818184965,0.0005182912953825815,0.08161330084801845,0.016703611285149297
356,39.840079182230596,6.3511255514209255,411.30020816096913,97.06176279153199,0.0002674045303484692,0.10328941826094579,0.02974174888583265
357,41.81015120235361,10.953338883047202,462.1510805122956,86.96575869229352,0.000779886443155665,0.136163969682141,0.03717213313948319
358,39.71439819682275,6.557959334917543,460.67811843236035,88.08464037738283,0.0004314734053180011,0.07783448453902372,0.019258332446654453
359,41.588180306823084,-8.646293927591776,361.7006100618265,73.02356029103099,0.00038140523378424985,0.1230155915155802,0.013866012233609365
360,40.03851086618704,6.326276788311342,447.8809171687058,92.6014258366603,0.0006013963902049958,0.05934510977260273,0.05211364306302499
361,39.39876829739237,-0.039405779190265486,392.66166523035315,76.19177229974164,0.000587503817630204,0.16778900544608022,0.018051213584132537
362,38.85544507740825,0.3533791420738709,351.8104902950927,85.96321176343348,0.0005392618952005279,0.1077574378259182,0.0455424498055879
363,43.503740856713016,15.459825207086466,397.46326604051575,91.81088206011974,0.0006962895416622563,0.06660464691930021,0.030021001223343353
364,39.36755928075931,5.68978060642072,437.92735311325123,90.99838380710375,0.00045249270667923594,0.11148703362008999,0.035717677328678636
365,43.790845145312964,16.784893003802882,369.32504456870794,97.55479046456179,0.00046959965474949156,0.16365623051946832,0.017235812107341035
366,41.71760529035537,-10.879055442045466,387.1557274841227,82.3345907603868,0.0003426270831551232,0.12127308515862743,0.05027095952085984
367,39.55860400033375,0.7729312964258798,392.06907302777677,72.55703487122469,0.0007630207043065576,0.029463343125933766,0.01913444674536709
368,39.745082946624024,3.351982193304361,459.0398444947208,83.12789961508281,0.0007394726674611096,0.09596357552822335,0.046210291134797445
369,39.01780600930511,-2.5261452426245397,407.9248945898842,85.030274233701,0.0004832619283281567,0.16078553119885738,0.04648323117042031
370,39.140763445596086,-2.020338736762093,489.16731516021594,83.36942591555314,0.000401557745885027,0.08631752606017941,0.031477968759297745
371,39.32797712147584,4.196027479318117,467.80131181996984,83.48809654513482,0.0005334991379818915,0.13047260199957483,0.024343449407116746
372,38.85908642281664,1.605701076988044,430.9284415268974,86.51903853977761,0.00042970454128174424,0.01906206593057376,0.032955378117643826
373,40.15763457877976,7.6693964903102385,411.2187701311906,98.83775269084357,0.00022756304617186003,0.08644013110145576,0.02372943530527912
374,40.34012769730829,7.273174532936116,432.80621330755906,102.02916601747542,0.00018025322430625034,0.14465394436972398,0.0288814170988727
375,39.075068840667235,-2.963907340708333,378.35034288232663,85.6188004082293,0.0004513644056763,0.10204448996362821,0.04636033660619536
376,40.31279213931389,8.006387950077977,448.8330898650398,85.96321176343348,0.0006324401689111925,0.11365106450902034,0.02999330611265804
377,39.793086482223416,-3.406175424674084,375.85893841205143,91.77178423134907,0.0003039405745878899,0.14304643511932147,0.048227625565003165
378,40.17063558469789,4.184199696316767,384.59727112779336,104.78277783359431,0.0002930456531518887,0.0800425268544711,0.05705385162831517
379,40.13911593373708,-7.2241568049094385,444.24986321078177,81.673159667432,0.00041504855969115524,0.10822973081039737,0.044061940240597765
380,39.28432986422165,4.139358225327515,361.570351922786,88.31370610426103,0.0005505989105145143,0.15035363845632074,0.04157140462807553
381,39.0704628463113,3.105698185344161,394.16354613872466,89.78024984107572,0.00044806776530780987,0.09249203821985096,0.03928073346476252
382,39.67744676644896,2.292939385849926,456.5021610247856,95.7176156302573,0.00046047858308526915,0.027715518225981742,0.05785281482401548
383,39.70499319605157,3.732430702932334,356.1897141481099,88.72190816185665,0.0006255276363611333,0.18411403711352958,0.051525242746541175
384,39.75343265772155,-0.07036203202117379,440.48797928675816,89.73651200958906,0.00025014455050442465,0.03527048071991401,0.027348080587040455
385,39.7485976477648,-6.144906128319861,359.6104149735516,84.70255542030293,0.00041037718120746995,0.04545211840590184,0.04956908511861588
386,39.567613788702126,-3.449167754834495,473.1359626699609,90.75474929722121,0.00040742223822909395,0.14146696973788753,0.057210574170742476
387,39.497526610817296,6.219082751575736,391.3841120059091,95.09198744464186,0.0004087027508840389,0.035732372235701484,0.0398548323279461
388,39.58558461341543,3.197354379734744,479.11014100357943,81.2441211974867,0.0007092527354559348,0.17560892993556945,0.03848248939267331
389,39.39698443008148,0.7175949143249626,407.3626808864113,82.45519888835432,0.000643674446658029,0.12931639664106415,0.04348126569679822
390,40.104525742482735,7.473616801424941,351.9096711670318,86.64545491972335,0.0006333080218226593,0.13903939978473065,0.034680538376406826
391,39.66579676043725,-1.4893640811378077,469.84437878854567,80.5161872962039,0.00039144390089949183,0.023720505213685725,0.016897550523417848
392,39.23378337260766,-0.2557761750439798,432.4017850752579,89.5966961908683,0.0002919533692828716,0.09422367553195943,0.03277935236100272
393,41.12506232542956,11.453084954523094,420.42429718320307,93.30527938046504,0.0004456971748912297,0.06253046058811952,0.02111731596305746
394,39.82034643764411,5.326858208996321,457.420726657146,90.84660128117591,0.0005842632455186297,0.1346320453855227,0.04818386398135132
395,66.53240274709052,43.05935899945766,407.230826371032,128.37608875022215,0.0008167749750564207,0.12386043362689719,0.04734813411776349
396,39.16462633392991,-2.4553102146285357,371.68412804332957,75.89230092793744,0.0006389972180912399,0.09814996605521462,0.031916932523067015
397,39.576622672042504,3.6471842796715355,399.12145800719344,89.14636612884823,0.0005922637427606117,0.08724681289901359,0.04991337979181261
398,41.46583909407528,10.689980471482752,397.21757237192156,90.99059063506706,0.0006839619066379875,0.09371459167124321,0.04089287359331434
399,41.55918093816626,-9.100739312476561,392.3899044698754,81.99042053862107,0.0002475953656498685,0.1307018631496315,0.03356294762808829
400,40.77249289159748,7.682835246072873,413.08818155003576,88.76068904560344,0.0007378414236110368,0.021339899959919334,0.0494786804939513
401,39.21821554538474,-3.7208053906368552,386.0967220271565,85.47296260001926,0.0005377205585521531,0.0628939015403836,0.056310498166074516
402,39.13967697192407,-1.4451027407974921,452.15450481605194,81.46510220982734,0.0006755795880082657,0.06571577596875777,0.050412767828085736
403,39.084499397861755,4.299687193123144,436.76716337790447,94.51314530059611,0.00034796385886914243,0.1290220178605156,0.03776569333916537
404,39.583152239639574,-3.934951413031812,357.3078757273622,79.25886077969975,0.0004084391474254559,0.1743048288712127,0.024545186008446317
405,39.17451104080246,1.988834973503827,468.3161354563145,91.83376088623875,0.0004894593049558813,0.09018650942425142,0.052588753372592764
406,40.54435811579362,7.490061662011242,359.3582843226675,88.30075741779436,0.0006726044585287346,0.1476613977653823,0.042507127905989706
407,49.9785549755523,27.478200198745355,474.8779428414113,114.63863614317343,0.00042784031055005916,0.1670383588114955,0.028203135339328916
408,40.69137746236956,7.202311886062809,490.54841094806955,86.7590322566397,0.0007632543056629158,0.10700163500379861,0.04706485356682753
409,40.66476192137069,6.4475993094750175,418.56536506396725,108.27857384532575,0.00017464873044971359,0.09670712263050146,0.04410026127589062
410,38.853867727545015,2.479101080455132,409.4515168746555,87.42323708678215,0.00043360097865543124,0.14387360574199434,0.033176217713236165
411,41.553045555583964,11.885378599541957,492.29493720187725,91.12677616976485,0.00048413172158806735,0.02330669281292136,0.01398619474042764
412,39.35823663915173,-0.583719120481567,443.95599281838844,83.38327672041682,0.0003938290149542734,0.19735431620449206,0.02524131467197726
413,39.50202347580815,1.7270079185841738,481.2513049615955,74.81005006436904,0.0007275398569034616,0.12434386368282634,0.020994318001708156
414,39.04336169808991,0.7055764075144041,444.33361851780467,84.1060791036452,0.0006092094903791428,0.13537750778575358,0.04552906122950966
415,39.35117140211582,-2.338025583007761,462.91064033558223,81.21563739910746,0.0004211377952773748,0.06639282657916375,0.028103320178480353
416,39.39389848833512,2.541995629171146,405.1307479640086,83.57157788145636,0.00043098225208277317,0.03421014731194144,0.017437358488440198
417,40.311422486724915,8.245337244263839,454.7097979033255,89.81823389044997,0.00048340356890007785,0.06419642503828565,0.026129914146231302
418,41.52898105884036,-2.5993775169192874,381.24017319013535,98.92434931735512,8.615319443117786e-05,0.1529213613954047,0.03795553709871386
419,39.34576284090655,2.8790528340987644,449.8407649044448,83.7362669120945,0.0006182918665038657,0.19353563029481458,0.039031711776710776
420,39.51167783979087,4.382515913065061,361.508674148566,92.93650284802168,0.0004968568002723037,0.05061573114514332,0.04861272501468853
421,39.29713755028463,-4.645196071130859,435.47819891506975,74.74162987876315,0.0005961893111151261,0.1857664601723667,0.031441002939211586
422,40.52952783285568,-7.680055697799607,400.6315716186667,84.7645289137825,0.00035009755751969773,0.07139153960583935,0.048081348639464734
423,41.02167646971555,-8.012037922821865,483.5233877371174,82.06225202465598,0.00024587515529547825,0.14026274577566447,0.0298391499384246
424,39.368937163436165,3.4149232514927164,406.4136091684664,90.50809661594147,0.000535488847366212,0.06199874891181039,0.048474021026659826
425,38.81919216046489,0.44598290385528544,381.6345842864004,85.05102269149096,0.00045146368908446287,0.0853442636797706,0.034415998867265506
426,41.19729082064913,12.003400608975618,352.3381377163046,99.51049441610137,0.0002947166487745566,0.14300089542185118,0.020763151219854954
427,39.37287255641555,1.554509349485832,358.2986911441835,89.43965175722832,0.0005501397576510986,0.16595048360237474,0.05320941812774178
428,39.883804546962786,4.854912953453303,411.3547028139873,87.69426842439051,0.0006662223980318514,0.10787052369175897,0.04875137367510126
429,39.85596215583337,-4.332425128893687,379.53722746756137,87.30139763277197,0.00025263660778678936,0.06563351736831144,0.03402635766102064
430,38.88837207432855,-0.2566644115406256,455.1866441048297,80.79647773742207,0.000558372068733468,0.06860498646343932,0.03386098202313813
431,39.02026308662285,2.1254238325434693,428.4601936111592,92.53829492587128,0.00035508611994271137,0.09456497938243641,0.03960657596500528
432,39.864910657193434,-4.249968133089073,395.48721132333657,86.96575869229352,0.0003521371743275488,0.13026679582770806,0.04329150454019687
433,39.275457555293485,-4.425804518350469,464.29066627405916,77.83218721927258,0.0004979383167405681,0.021058240818709814,0.03172112764059676
434,39.88572204439819,0.11433413863757294,422.50881000231897,88.11743936905746,0.0002598161794194041,0.10212910940633718,0.020736733144708135
435,39.434722562046254,4.5899729845911,447.8809171687058,84.46592908763358,0.000557894719662214,0.061590870977746265,0.029388216426487482
436,39.845582820797105,-4.3906843842474546,351.9405338413034,89.72861031739197,0.0003858587713055934,0.09398044490083296,0.0546697286707966
437,39.387823022584264,-3.6947981076799947,446.0362155561408,86.5181347801486,0.00046889405935924926,0.15799544336905824,0.05240566689166952
438,39.16947000549352,-3.961906657179272,389.8542959842226,83.10248241608619,0.0006130132143744734,0.0203135044884082,0.057871340965585216
439,38.9428860100019,-2.077106200380768,395.9920362598114,82.97350909867713,0.0004496824046307441,0.11148703362008999,0.03587779821741738
440,45.03692546567288,-17.648249685692377,493.31673655856304,79.73188932274634,0.0002923497625947249,0.010234559674548824,0.05838707645082
441,38.91429205206581,-2.0755811341837904,417.47646239453644,83.6131706469898,0.0004443689104577048,0.1234724073220823,0.037448581557427064
442,39.98364199484905,-1.364674902298068,470.1579162159243,85.64589353878817,0.00026257373888554075,0.10597028589189716,0.01867718216430976
443,40.891581756194945,9.376276662822818,416.0607769858609,83.12789961508281,0.0006428058416792217,0.09596357552822335,0.011833807929355882
444,38.92975342324877,0.33975192751214306,439.6372664729969,81.3227308832801,0.0005692584068791284,0.1846850198296489,0.03456652320783736
445,39.380710530572586,-0.6476329415181149,460.186023443864,95.121933526987,0.0002989332555382744,0.08590771662889506,0.048041516149786384
446,39.17144644877955,0.549799901732506,467.80131181996984,86.38322738301534,0.0006005107777640347,0.1417436302469093,0.05192475034034725
447,39.62039216228972,-4.807325874623378,468.06701782042416,80.37651374336335,0.0005335608097657152,0.05470119319087431,0.04437299398615501
448,40.583308361766605,-4.514664441788618,438.70591550021084,78.95839831122062,0.0003303265710500662,0.18933647683741106,0.014549089214558084
449,40.39735608813707,-4.478796859210886,432.80621330755906,89.04760717720916,0.000199294765273278,0.11881961160133785,0.03328770377720322
450,39.778406612607995,7.611908134016608,477.334834611735,94.58031569928346,0.0004513656273196115,0.1218620187535813,0.03847478614756503
451,39.283619210556665,1.529193062369935,399.98063481887885,79.06956927707057,0.0006857454773815917,0.04415357323748884,0.034415998867265506
452,39.19343587445241,0.3106591896701402,472.41680471336593,93.50944575227119,0.0004019325296959513,0.015936801387185617,0.05277925075951678
453,45.08189346932212,19.744637690035447,385.74549750798013,104.78277783359431,0.00038101953159751017,0.021338033464050374,0.019852445283339314
454,40.0852878693108,-6.198828243358436,444.24986321078177,77.03348652024107,0.00041504855969115524,0.04318610769989838,0.025263108093931945
455,39.22779564765266,0.9071864647374178,361.570351922786,77.53057338391179,0.0006329339004532792,0.15035363845632074,0.02497859410349076
456,38.96982957631962,0.6168301306215234,448.8171866532536,88.09382515615323,0.0004492725583608347,0.09243285876284696,0.04157973736782728
457,39.164819792267224,-0.47462933951041164,399.6592314318894,90.30183561643005,0.0003110841598526636,0.18817872663153762,0.03735303507357016
458,39.6219713464656,4.68664058771488,356.1897141481099,88.41366529878454,0.0006255276363611333,0.1310391252959126,0.0474061684500282
459,42.18875892815011,-11.451677668222388,394.4957957567003,81.66058157524004,0.00025014455050442465,0.09924342398705213,0.040262524795141696
460,41.68165745144068,12.211282914043936,437.3652615332444,90.43557704394212,0.000517422539376259,0.1529168500080888,0.014701537406711335
461,38.95647559694102,0.7717106422539796,473.1359626699609,80.86664021876621,0.0006124620592314396,0.13221803165265636,0.03603360516016122
462,38.913351815253485,0.4031938928993373,391.3841120059091,86.13208889795031,0.00039198108969253694,0.020039291241554,0.030875649141576346
463,38.9840272917368,-0.22982068215369628,449.91875617601926,78.98550802765615,0.000622823691081191,0.0909122553636301,0.03373551907820275
464,40.65642373549544,8.850088885882291,488.3346304758095,87.07651169584675,0.0006882978201756073,0.08058941254432211,0.0368155592590898
465,39.47861395595843,-3.609947810060042,405.73276075262197,77.01536417109321,0.000501207914313913,0.011050362009782613,0.025860877860002386
466,38.9761065736189,-1.370047461374449,427.9977131889294,79.74648642015437,0.0005496642210189903,0.023720505213685725,0.032806645102114514
467,39.54372576744659,1.574036746109428,377.71996903380744,89.32346197221057,0.0002919533692828716,0.06159029154882001,0.025079386893525006
468,38.96341711717068,-1.1981956814389456,439.05439682237835,84.13602742366737,0.0005680951141106637,0.054626003206625084,0.04817189793689278
469,39.32157557591558,-2.6327937082862936,406.6443919335092,73.26238283342802,0.0006800968311818052,0.06402336977263501,0.026753751811885284
470,40.373524812540225,7.573373717352517,411.54658924442924,85.9299596637697,0.0006662162116621876,0.17332714851337816,0.035068361354593715
471,39.16462633392991,-2.4553102146285357,374.78575937214066,75.89230092793744,0.0006389972180912399,0.09814996605521462,0.031916932523067015
472,40.19173188202975,5.448339284330138,385.8033313882092,85.82873228191269,0.0007206004432126925,0.06223211480649357,0.046490449883959825
473,39.99546787767496,6.970386349502134,366.82611745343434,86.70531696751723,0.0005007218549043336,0.020216200862957112,0.02116090409245971
474,41.013214109580424,-5.370013026862834,433.6303344688243,84.51082273902449,0.00021856519035459558,0.11678929331968446,0.023931984622575658
475,39.081178409006085,0.33310781968801306,379.5444895385933,89.1672316486776,0.00037426521472175257,0.1783066152988585,0.03864855854955288
476,40.09122400683267,8.355130149606127,442.0491211113991,91.82575562944932,0.0005377205585521531,0.0628939015403836,0.03756356897228552
477,39.30695351821756,2.976807260484804,354.7880512661815,81.46510220982734,0.0006434853639132538,0.08358727897817464,0.0334152754240983
478,39.499795492287376,-2.7442945205250733,436.76716337790447,84.81385684149062,0.00031987476215033443,0.05671718784642589,0.029485683571605737
479,40.07166953792922,-0.16529629973400956,423.9234473377998,98.32904483055486,0.000167438479369629,0.1743048288712127,0.03947057364782691
480,39.59796959904891,-5.7011617043363305,394.0684933229049,80.9354535609133,0.0005658815757807118,0.11745678858064736,0.052588753372592764
481,40.16139182819718,8.922846106428176,359.9108675708419,95.7729191798758,0.00033523361006967896,0.1476613977653823,0.024292225189000743
482,39.82439540224219,2.208407022063948,371.5027725421265,74.60426610716918,0.0007923777141873925,0.12778104482434113,0.02452909258871444
483,39.68490054414285,-2.6262069023944816,420.762772494298,73.91625366885555,0.0005384666254707754,0.13204988293053047,0.011665459473536494
484,38.80226185147515,-0.07831396756082175,479.4446069713213,86.0442403996062,0.00040629335085262485,0.13465895766896246,0.03419832018218875
485,38.9770615145444,1.6265315771897506,439.569186563153,84.7404486589902,0.0005392618952005279,0.10573341345558442,0.03885717540994523
486,39.13335367245948,0.5086757208832741,447.5017808008679,89.11982332992524,0.0003758998562074418,0.07999636913557072,0.038208452139710115
487,38.91428559880218,1.3620181132129765,497.0788087096509,85.06184329903131,0.00048665083819162926,0.16812670363085824,0.03516365515662026
488,43.13967955795216,13.113309837208622,481.2513049615955,94.43385915124185,0.0007275398569034616,0.12434386368282634,0.047688124524344844
489,40.6726226315963,-7.952518486150143,461.0767665062226,84.1060791036452,0.00034045863408157595,0.11941132303805488,0.04552906122950966
490,39.328269088885136,-1.4426495797591643,431.4670830072981,85.55404306273012,0.00033627332071056726,0.16501976630506898,0.029234217061610446
491,39.143414436744685,-2.3758917067991665,489.64186190751394,86.53021317028698,0.00043098225208277317,0.11094409170095754,0.044907258157851224
492,41.52688356126163,-2.8841818509134503,375.5074839352489,96.01963522440563,9.999782464278564e-05,0.06419642503828565,0.03425722185234981
493,40.42208954046907,-6.695620328148933,478.0225085094462,88.50143982336292,0.0002970624964074315,0.07586297042594725,0.049351943138463916
494,38.89316682778682,0.38660328624318363,359.9448470577794,83.7362669120945,0.000479110391375224,0.08896409605282043,0.03300496230495923
495,43.43727525286578,16.137219051585472,457.905537443935,94.81079752353602,0.0005115591513595807,0.15014298956799071,0.014146802383205637
496,40.75116841933167,9.926836631155902,492.722278188343,87.68737029081913,0.0005568062024532051,0.054981317476815714,0.020188201437591403
497,41.511717333148226,-10.40777929775733,491.63132575191617,84.7645289137825,0.0003196859392693603,0.08863671004696157,0.05339142017512685
498,41.61020907134447,-9.202513465508233,457.18042179811397,81.96098195224329,0.00024587515529547825,0.1668970359361962,0.03363486572942747
499,40.58293858587742,-7.2832234132243165,482.86491067999805,87.78945497851053,0.00029194463531657087,0.01909017703295958,0.048474021026659826
500,39.1448394900196,-1.2794542966716522,425.38339760794963,87.42323708678215,0.00032772461457772535,0.13390339259015302,0.03357138628568804
501,38.806486060056216,1.5491348929381987,446.13770064056393,86.27180255681293,0.0004162969742164844,0.09203102204481356,0.030305633140481188
502,39.025678608086395,0.0014739465156947556,467.0005320238592,86.18236840720442,0.0004589536623803672,0.1900148288122776,0.04008408188137387
503,39.54607728869833,-4.903355050408847,391.6666701969494,87.69426842439051,0.00036166623443675534,0.1434019042296205,0.04875137367510126
504,39.48968969958071,-3.507092447008807,473.5180132568187,84.11069358323316,0.00044380065251533517,0.10145633007538193,0.04265034449903636
505,38.884512092405835,0.45826510755796396,355.5884284911551,82.59246859669159,0.000535236021216762,0.1284765599664587,0.03530748025726914
506,42.2855193919815,-6.413731089860778,453.2576438632865,84.70837415260264,0.00014484108007807144,0.09456497938243641,0.01644255934152284
507,39.79822862990465,-2.8670558739335927,481.47579383339155,89.7971543879784,0.00023207894993162824,0.16649147934476083,0.034612708216455165
508,39.22686365828936,-4.097262717842563,477.12906895213973,77.83218721927258,0.0005251080429229838,0.14220878157889102,0.03347501721025156
509,39.04049826632208,0.6007023023940326,422.50881000231897,86.8913865836034,0.0004372951630752098,0.05965591350502385,0.038225682652257044
510,44.27497278666989,-6.773484075733518,447.8809171687058,90.63782066821764,4.028402954688601e-05,0.161567483182824,0.02205889457610065
511,39.236550860344586,5.110552379721399,365.05290708595686,92.36463148424251,0.0003858587713055934,0.11106586804489949,0.034032025058181266
512,39.584084811779256,-5.831259536424241,472.428659413896,80.31837844360778,0.00042301380874564193,0.11774429981075515,0.03734293162357819
513,40.81190622537633,-3.9957428331217986,389.8542959842226,98.66755532816052,0.00022975335807164625,0.10933081127104148,0.057626027093432536
514,39.27106175983294,0.5869310530181525,395.9920362598114,82.97350909867713,0.00038526088818052946,0.08434953172569144,0.017289598226623078
515,41.68009426548142,-9.706086247866962,474.1922400950748,84.46053386203764,0.0002923497625947249,0.10692262346758638,0.04744640043225476
516,39.4861301583004,-2.0236940263100043,443.08306184437083,83.6131706469898,0.00034534758611584474,0.1234724073220823,0.025501305309609826
517,39.25138721767435,1.6299808508305191,445.37440064372703,84.45723395659196,0.0003874641572488723,0.15068889872681143,0.019726081020001625
518,39.549184693325174,4.292670321507525,459.0398444947208,87.000399542768,0.0003962466620356395,0.06674145525187361,0.019866183944588046
519,38.98561468274167,1.689785911762027,481.92097775743133,81.3227308832801,0.000630556051301816,0.12472932361775786,0.03626234894772267
520,39.186235504395086,0.5590454850852917,468.61252490980905,87.07162893122104,0.00045938742185578046,0.04157827410711898,0.040823994209408375
521,39.47751829156408,3.655993327212725,408.0046564921108,90.76667100443407,0.0005110330637761398,0.1417436302469093,0.04601834944358847
522,39.35462064336219,5.278626096501897,424.54928884953364,86.51903853977761,0.0005478701572752021,0.13889827109404596,0.032955378117643826
523,39.88520274713618,7.084312601623172,417.9563542921235,91.81626070078907,0.0003956419183386578,0.17248758576234505,0.026613830940356555
524,39.399626778961846,5.196267770293129,462.8204101743318,91.50326262902787,0.0004159078339720623,0.07681172593229403,0.03477833564644925
525,39.330795505536926,5.678643312544983,474.339580456094,90.56020319255303,0.0004513656273196115,0.11916968825455991,0.03430533556139476
526,38.80226185147515,-0.07831396756082175,479.4446069713213,86.0442403996062,0.00040629335085262485,0.13465895766896246,0.03419832018218875
527,38.80226185147515,-0.07831396756082175,479.44460698132133,86.0442403996062,0.00040629335085262485,0.13465895766896246,0.03419832018218875
528,38.80226185084412,-0.07831395669787249,479.4446069713213,86.04424040960619,0.00040629335085262485,0.13465895766896246,0.03419832018218875
529,38.80223113553784,-0.07796241259285659,479.4446069713213,86.0442403996062,0.00040630335085262484,0.13465895766896246,0.03419832018218875
530,38.80226185147515,-0.07831396756082175,479.4446069713213,86.0442403996062,0.00040629335085262485,0.13465896766896246,0.03419832018218875
531,38.80226185147515,-0.07831396756082175,479.4446069713213,86.0442403996062,0.00040629335085262485,0.13465895766896246,0.03419833018218875
532,45.57460696179899,16.831388509029527,479.4446069713213,86.10734374343708,0.001,0.13465895766896246,0.03419832018218875
533,45.57460696179899,16.831388509029527,479.44460698132133,86.10734374343708,0.001,0.13465895766896246,0.03419832018218875
534,45.574606968427965,16.831388520122747,479.4446069713213,86.10734375343708,0.001,0.13465895766896246,0.03419832018218875
535,45.57440432221925,16.831132151343347,479.4446069713213,86.10734374343708,0.00099999,0.13465895766896246,0.03419832018218875
536,45.57460696179899,16.831388509029527,479.4446069713213,86.10734374343708,0.001,0.13465896766896246,0.03419832018218875
537,45.57460696179899,16.831388509029527,479.4446069713213,86.10734374343708,0.001,0.13465895766896246,0.03419833018218875
538,38.81139118256598,1.4930438144674112,479.4446069713213,86.04925183125887,0.00045344331333189487,0.13465895766896246,0.03419832018218875
539,38.81139118256598,1.4930438144674112,479.44460698132133,86.04925183125887,0.00045344331333189487,0.13465895766896246,0.03419832018218875
540,38.81139118268371,1.4930438253631504,479.4446069713213,86.04925184125887,0.00045344331333189487,0.13465895766896246,0.03419832018218875
541,38.81139525715011,1.4933834086596451,479.4446069713213,86.04925183125887,0.00045345331333189486,0.13465895766896246,0.03419832018218875
542,38.81139118256598,1.4930438144674112,479.4446069713213,86.04925183125887,0.00045344331333189487,0.13465896766896246,0.03419832018218875
543,38.81139118256598,1.4930438144674112,479.4446069713213,86.04925183125887,0.00045344331333189487,0.13465895766896246,0.03419833018218875
544,38.772351637844324,0.4616847435379091,479.4446069713213,86.04581982023274,0.00042115330075146086,0.13465895766896246,0.03419832018218875
545,38.772351637844324,0.4616847435379091,479.44460698132133,86.04581982023274,0.00042115330075146086,0.13465895766896246,0.03419832018218875
546,38.77235163753963,0.46168475439362894,479.4446069713213,86.04581983023273,0.00042115330075146086,0.13465895766896246,0.03419832018218875
547,38.77233729605903,0.46203070725601264,479.4446069713213,86.04581982023274,0.00042116330075146085,0.13465895766896246,0.03419832018218875
548,38.772351637844324,0.4616847435379091,479.4446069713213,86.04581982023274,0.00042115330075146086,0.13465896766896246,0.03419832018218875
549,38.772351637844324,0.4616847435379091,479.4446069713213,86.04581982023274,0.00042115330075146086,0.13465895766896246,0.03419833018218875
550,38.718857154720716,0.8660104480841061,479.4446069713213,86.04720358851011,0.000434170639304486,0.13465895766896246,0.03419832018218875
551,38.718857154720716,0.8660104480841061,479.44460698132133,86.04720358851011,0.000434170639304486,0.13465895766896246,0.03419832018218875
552,38.7188571546749,0.866010459022368,479.4446069713213,86.04720359851011,0.000434170639304486,0.13465895766896246,0.03419832018218875
553,38.71885411976909,0.8663557250633923,479.4446069713213,86.04720358851011,0.00043418063930448597,0.13465895766896246,0.03419832018218875
554,38.718857154720716,0.8660104480841061,479.4446069713213,86.04720358851011,0.000434170639304486,0.13465896766896246,0.03419832018218875
555,38.718857154720716,0.8660104480841061,479.4446069713213,86.04720358851011,0.000434170639304486,0.13465895766896246,0.03419833018218875
556,38.71847557924697,0.9869072491730646,479.4446069713213,86.04757440177883,0.00043766183764119826,0.13465895766896246,0.03419832018218875
557,38.71847557924697,0.9869072491730646,479.44460698132133,86.04757440177883,0.00043766183764119826,0.13465895766896246,0.03419832018218875
558,38.718475579278376,0.9869072601243012,479.4446069713213,86.04757441177883,0.00043766183764119826,0.13465895766896246,0.03419832018218875
559,38.71847629886318,0.987252265205284,479.4446069713213,86.04757440177883,0.00043767183764119826,0.13465895766896246,0.03419832018218875
560,38.71847557924697,0.9869072491730646,479.4446069713213,86.04757440177883,0.00043766183764119826,0.13465896766896246,0.03419832018218875
561,38.71847557924697,0.9869072491730646,479.4446069713213,86.04757440177883,0.00043766183764119826,0.13465895766896246,0.03419833018218875
562,38.71844891303313,0.9636856968956734,479.4446069713213,86.04750298212089,0.00043699106635721623,0.13465895766896246,0.03419832018218875
563,38.71844891303313,0.9636856968956734,479.44460698132133,86.04750298212089,0.00043699106635721623,0.13465895766896246,0.03419832018218875
564,38.718448913051006,0.9636857078440587,479.4446069713213,86.04750299212088,0.00043699106635721623,0.13465895766896246,0.03419832018218875
565,38.718449000918696,0.9640307353858618,479.4446069713213,86.04750298212089,0.00043700106635721623,0.13465895766896246,0.03419832018218875
566,38.71844891303313,0.9636856968956734,479.4446069713213,86.04750298212089,0.00043699106635721623,0.13465896766896246,0.03419832018218875
567,38.71844891303313,0.9636856968956734,479.4446069713213,86.04750298212089,0.00043699106635721623,0.13465895766896246,0.03419833018218875
568,38.71844857192055,0.9603924006325136,479.4446069713213,86.04749266267994,0.00043689594901945793,0.13465895766896246,0.03419832018218875
569,38.71844857192055,0.9603924006325136,479.44460698132133,86.04749266267994,0.00043689594901945793,0.13465895766896246,0.03419832018218875
570,38.718448571936456,0.9603924115806227,479.4446069713213,86.04749267267994,0.00043689594901945793,0.13465895766896246,0.03419832018218875
571,38.71844856591355,0.9607374506118974,479.4446069713213,86.04749266267994,0.0004369059490194579,0.13465895766896246,0.03419832018218875
572,38.71844857192055,0.9603924006325136,479.4446069713213,86.04749266267994,0.00043689594901945793,0.13465896766896246,0.03419832018218875
573,38.71844857192055,0.9603924006325136,479.4446069713213,86.04749266267994,0.00043689594901945793,0.13465895766896246,0.03419833018218875
574,38.71844856865297,0.9605421589998892,479.4446069713213,86.04749294898438,0.0004369002801275644,0.13465895766896246,0.03419832018218875
575,38.71844856865297,0.9605421589998892,479.44460698132133,86.04749294898438,0.0004369002801275644,0.13465895766896246,0.03419832018218875
576,38.71844856866889,0.960542169948001,479.4446069713213,86.04749295898438,0.0004369002801275644,0.13465895766896246,0.03419832018218875
577,38.71844856661611,0.9608872088346917,479.4446069713213,86.04749294898438,0.0004369102801275644,0.13465895766896246,0.03419832018218875
578,38.71844856865297,0.9605421589998892,479.4446069713213,86.04749294898438,0.0004369002801275644,0.13465896766896246,0.03419832018218875
579,38.71844856865297,0.9605421589998892,479.4446069713213,86.04749294898438,0.0004369002801275644,0.13465895766896246,0.03419833018218875
