date,hs,swe_obs
2016-09-01,0.0,
2016-09-02,0.0,
2016-09-03,0.0,
2016-09-04,0.0,
2016-09-05,0.0,
2016-09-06,0.0,
2016-09-07,0.0,
2016-09-08,0.0,
2016-09-09,0.0,
2016-09-10,0.0,
2016-09-11,0.0,
2016-09-12,0.0,
2016-09-13,0.0,
2016-09-14,0.0,
2016-09-15,0.0,
2016-09-16,0.0,
2016-09-17,0.0,
2016-09-18,0.0,
2016-09-19,0.0,
2016-09-20,0.0,
2016-09-21,0.0,
2016-09-22,0.0,
2016-09-23,0.0,
2016-09-24,0.0,
2016-09-25,0.0,
2016-09-26,0.0,
2016-09-27,0.0,
2016-09-28,0.0,
2016-09-29,0.0,
2016-09-30,0.0,
2016-10-01,0.0,
2016-10-02,0.0,
2016-10-03,0.0,
2016-10-04,0.0,
2016-10-05,0.0,
2016-10-06,0.0,
2016-10-07,0.0,
2016-10-08,0.0,
2016-10-09,0.0,
2016-10-10,0.0,
2016-10-11,0.0,
2016-10-12,0.0,
2016-10-13,0.0,
2016-10-14,0.0,
2016-10-15,0.0,
2016-10-16,0.0,
2016-10-17,0.0,
2016-10-18,0.0,
2016-10-19,0.0,
2016-10-20,0.0,
2016-10-21,0.0,
2016-10-22,0.0,
2016-10-23,0.0,
2016-10-24,0.0,
2016-10-25,0.0,
2016-10-26,0.0,
2016-10-27,0.0,
2016-10-28,0.0,
2016-10-29,0.0,
2016-10-30,0.0,
2016-10-31,0.0,
2016-11-01,0.0,
2016-11-02,0.0,
2016-11-03,0.0,
2016-11-04,0.0,
2016-11-05,0.0,
2016-11-06,0.02,
2016-11-07,0.05,
2016-11-08,0.09,
2016-11-09,0.07,
2016-11-10,0.16,
2016-11-11,0.15,
2016-11-12,0.32,
2016-11-13,0.3,
2016-11-14,0.25,
2016-11-15,0.21,
2016-11-16,0.21,
2016-11-17,0.18,
2016-11-18,0.13,
2016-11-19,0.07,
2016-11-20,0.08,
2016-11-21,0.05,
2016-11-22,0.0,
2016-11-23,0.0,
2016-11-24,0.0,
2016-11-25,0.0,
2016-11-26,0.0,
2016-11-27,0.0,
2016-11-28,0.0,
2016-11-29,0.0,
2016-11-30,0.0,
2016-12-01,0.0,
2016-12-02,0.0,
2016-12-03,0.0,
2016-12-04,0.0,
2016-12-05,0.0,
2016-12-06,0.0,
2016-12-07,0.0,
2016-12-08,0.0,
2016-12-09,0.0,
2016-12-10,0.0,
2016-12-11,0.0,
2016-12-12,0.0,
2016-12-13,0.0,
2016-12-14,0.0,
2016-12-15,0.0,
2016-12-16,0.0,
2016-12-17,0.0,
2016-12-18,0.0,
2016-12-19,0.01,
2016-12-20,0.01,
2016-12-21,0.01,
2016-12-22,0.01,
2016-12-23,0.0,
2016-12-24,0.0,
2016-12-25,0.0,
2016-12-26,0.0,
2016-12-27,0.0,
2016-12-28,0.0,
2016-12-29,0.0,
2016-12-30,0.0,
2016-12-31,0.0,
2017-01-01,0.0,
2017-01-02,0.0,
2017-01-03,0.02,
2017-01-04,0.01,
2017-01-05,0.1,
2017-01-06,0.11,
2017-01-07,0.08,
2017-01-08,0.2,
2017-01-09,0.18,
2017-01-10,0.17,
2017-01-11,0.26,
2017-01-12,0.22,
2017-01-13,0.25,
2017-01-14,0.48,
2017-01-15,0.5,
2017-01-16,0.45,64.0
2017-01-17,0.42,
2017-01-18,0.41,
2017-01-19,0.38,
2017-01-20,0.37,
2017-01-21,0.36,
2017-01-22,0.35,
2017-01-23,0.35,
2017-01-24,0.34,
2017-01-25,0.34,
2017-01-26,0.34,
2017-01-27,0.34,
2017-01-28,0.33,
2017-01-29,0.32,
2017-01-30,0.32,
2017-01-31,0.3,65.0
2017-02-01,0.25,
2017-02-02,0.25,
2017-02-03,0.24,
2017-02-04,0.24,
2017-02-05,0.28,
2017-02-06,0.54,
2017-02-07,0.48,
2017-02-08,0.51,
2017-02-09,0.52,
2017-02-10,0.5,
2017-02-11,0.49,
2017-02-12,0.48,
2017-02-13,0.48,
2017-02-14,0.47,
2017-02-15,0.47,
2017-02-16,0.47,112.0
2017-02-17,0.46,
2017-02-18,0.45,
2017-02-19,0.45,
2017-02-20,0.45,
2017-02-21,0.45,
2017-02-22,0.43,
2017-02-23,0.43,
2017-02-24,0.42,
2017-02-25,0.5,
2017-02-26,0.47,
2017-02-27,0.45,
2017-02-28,0.46,140.0
2017-03-01,0.58,
2017-03-02,0.51,
2017-03-03,0.5,
2017-03-04,0.45,
2017-03-05,0.46,
2017-03-06,0.63,
2017-03-07,0.85,
2017-03-08,0.81,
2017-03-09,0.7,
2017-03-10,0.6,
2017-03-11,0.59,
2017-03-12,0.59,
2017-03-13,0.58,
2017-03-14,0.58,
2017-03-15,0.57,
2017-03-16,0.56,190.0
2017-03-17,0.55,
2017-03-18,0.52,
2017-03-19,0.5,
2017-03-20,0.49,
2017-03-21,0.48,
2017-03-22,0.45,
2017-03-23,0.41,
2017-03-24,0.4,
2017-03-25,0.37,
2017-03-26,0.33,
2017-03-27,0.29,
2017-03-28,0.27,
2017-03-29,0.22,
2017-03-30,0.18,
2017-03-31,0.13,76.0
2017-04-01,0.07,
2017-04-02,0.03,
2017-04-03,0.0,
2017-04-04,0.0,
2017-04-05,0.0,
2017-04-06,0.0,
2017-04-07,0.0,
2017-04-08,0.0,
2017-04-09,0.0,
2017-04-10,0.0,
2017-04-11,0.0,
2017-04-12,0.0,
2017-04-13,0.0,
2017-04-14,0.0,
2017-04-15,0.0,
2017-04-16,0.0,
2017-04-17,0.0,
2017-04-18,0.01,
2017-04-19,0.01,
2017-04-20,0.01,
2017-04-21,0.0,
2017-04-22,0.0,
2017-04-23,0.0,
2017-04-24,0.0,
2017-04-25,0.0,
2017-04-26,0.0,
2017-04-27,0.01,
2017-04-28,0.15,
2017-04-29,0.05,
2017-04-30,0.0,
2017-05-01,0.02,
2017-05-02,0.03,
2017-05-03,0.0,
2017-05-04,0.0,
2017-05-05,0.0,
2017-05-06,0.0,
2017-05-07,0.0,
2017-05-08,0.0,
2017-05-09,0.0,
2017-05-10,0.0,
2017-05-11,0.0,
2017-05-12,0.0,
2017-05-13,0.0,
2017-05-14,0.0,
2017-05-15,0.0,
2017-05-16,0.0,
2017-05-17,0.0,
2017-05-18,0.0,
2017-05-19,0.0,
2017-05-20,0.02,
2017-05-21,0.0,
2017-05-22,0.0,
2017-05-23,0.0,
2017-05-24,0.0,
2017-05-25,0.0,
2017-05-26,0.0,
2017-05-27,0.0,
2017-05-28,0.0,
2017-05-29,0.0,
2017-05-30,0.0,
2017-05-31,0.0,
2017-06-01,0.0,
2017-06-02,0.0,
2017-06-03,0.0,
2017-06-04,0.0,
2017-06-05,0.0,
2017-06-06,0.0,
2017-06-07,0.0,
2017-06-08,0.0,
2017-06-09,0.0,
2017-06-10,0.0,
2017-06-11,0.0,
2017-06-12,0.0,
2017-06-13,0.0,
2017-06-14,0.0,
2017-06-15,0.0,
2017-06-16,0.0,
2017-06-17,0.0,
2017-06-18,0.0,
2017-06-19,0.0,
2017-06-20,0.0,
2017-06-21,0.0,
2017-06-22,0.0,
2017-06-23,0.0,
2017-06-24,0.0,
2017-06-25,0.0,
2017-06-26,0.0,
2017-06-27,0.0,
2017-06-28,0.0,
2017-06-29,0.0,
2017-06-30,0.0,
2017-07-01,0.0,
2017-07-02,0.0,
2017-07-03,0.0,
2017-07-04,0.0,
2017-07-05,0.0,
2017-07-06,0.0,
2017-07-07,0.0,
2017-07-08,0.0,
2017-07-09,0.0,
2017-07-10,0.0,
2017-07-11,0.0,
2017-07-12,0.0,
2017-07-13,0.0,
2017-07-14,0.0,
2017-07-15,0.0,
2017-07-16,0.0,
2017-07-17,0.0,
2017-07-18,0.0,
2017-07-19,0.0,
2017-07-20,0.0,
2017-07-21,0.0,
2017-07-22,0.0,
2017-07-23,0.0,
2017-07-24,0.0,
2017-07-25,0.0,
2017-07-26,0.0,
2017-07-27,0.0,
2017-07-28,0.0,
2017-07-29,0.0,
2017-07-30,0.0,
2017-07-31,0.0,
2017-08-01,0.0,
2017-08-02,0.0,
2017-08-03,0.0,
2017-08-04,0.0,
2017-08-05,0.0,
2017-08-06,0.0,
2017-08-07,0.0,
2017-08-08,0.0,
2017-08-09,0.0,
2017-08-10,0.0,
2017-08-11,0.0,
2017-08-12,0.0,
2017-08-13,0.0,
2017-08-14,0.0,
2017-08-15,0.0,
2017-08-16,0.0,
2017-08-17,0.0,
2017-08-18,0.0,
2017-08-19,0.0,
2017-08-20,0.0,
2017-08-21,0.0,
2017-08-22,0.0,
2017-08-23,0.0,
2017-08-24,0.0,
2017-08-25,0.0,
2017-08-26,0.0,
2017-08-27,0.0,
2017-08-28,0.0,
2017-08-29,0.0,
2017-08-30,0.0,
2017-08-31,0.0,
2017-09-01,0.0,
2017-09-02,0.0,
2017-09-03,0.0,
2017-09-04,0.0,
2017-09-05,0.0,
2017-09-06,0.0,
2017-09-07,0.0,
2017-09-08,0.0,
2017-09-09,0.0,
2017-09-10,0.0,
2017-09-11,0.0,
2017-09-12,0.0,
2017-09-13,0.0,
2017-09-14,0.0,
2017-09-15,0.0,
2017-09-16,0.0,
2017-09-17,0.0,
2017-09-18,0.0,
2017-09-19,0.0,
2017-09-20,0.0,
2017-09-21,0.0,
2017-09-22,0.0,
2017-09-23,0.0,
2017-09-24,0.0,
2017-09-25,0.0,
2017-09-26,0.0,
2017-09-27,0.0,
2017-09-28,0.0,
2017-09-29,0.0,
2017-09-30,0.0,
2017-10-01,0.0,
2017-10-02,0.0,
2017-10-03,0.0,
2017-10-04,0.0,
2017-10-05,0.0,
2017-10-06,0.0,
2017-10-07,0.0,
2017-10-08,0.0,
2017-10-09,0.0,
2017-10-10,0.0,
2017-10-11,0.0,
2017-10-12,0.0,
2017-10-13,0.0,
2017-10-14,0.0,
2017-10-15,0.0,
2017-10-16,0.0,
2017-10-17,0.0,
2017-10-18,0.0,
2017-10-19,0.0,
2017-10-20,0.0,
2017-10-21,0.0,
2017-10-22,0.0,
2017-10-23,0.0,
2017-10-24,0.0,
2017-10-25,0.0,
2017-10-26,0.0,
2017-10-27,0.0,
2017-10-28,0.0,
2017-10-29,0.0,
2017-10-30,0.0,
2017-10-31,0.0,
2017-11-01,0.0,
2017-11-02,0.0,
2017-11-03,0.0,
2017-11-04,0.0,
2017-11-05,0.0,
2017-11-06,0.07,
2017-11-07,0.04,
2017-11-08,0.01,
2017-11-09,0.0,
2017-11-10,0.0,
2017-11-11,0.0,
2017-11-12,0.0,
2017-11-13,0.17,
2017-11-14,0.18,
2017-11-15,0.12,
2017-11-16,0.11,14.0
2017-11-17,0.1,
2017-11-18,0.09,
2017-11-19,0.1,
2017-11-20,0.13,
2017-11-21,0.12,
2017-11-22,0.11,
2017-11-23,0.1,
2017-11-24,0.09,
2017-11-25,0.08,
2017-11-26,0.2,
2017-11-27,0.2,
2017-11-28,0.19,
2017-11-29,0.24,
2017-11-30,0.28,
2017-12-01,0.35,
2017-12-02,0.3,
2017-12-03,0.27,
2017-12-04,0.25,48.0
2017-12-05,0.25,
2017-12-06,0.24,
2017-12-07,0.23,
2017-12-08,0.22,
2017-12-09,0.34,
2017-12-10,0.28,
2017-12-11,0.21,
2017-12-12,0.31,
2017-12-13,0.39,
2017-12-14,0.38,
2017-12-15,0.55,92.0
2017-12-16,0.53,
2017-12-17,0.63,
2017-12-18,0.52,
2017-12-19,0.51,
2017-12-20,0.52,
2017-12-21,0.49,
2017-12-22,0.44,
2017-12-23,0.43,
2017-12-24,0.43,
2017-12-25,0.42,
2017-12-26,0.41,
2017-12-27,0.4,
2017-12-28,0.68,
2017-12-29,0.62,
2017-12-30,0.63,
2017-12-31,0.55,
2018-01-01,0.57,147.0
2018-01-02,0.68,
2018-01-03,0.63,
2018-01-04,0.69,
2018-01-05,0.56,
2018-01-06,0.55,
2018-01-07,0.55,
2018-01-08,0.54,
2018-01-09,0.48,
2018-01-10,0.48,
2018-01-11,0.48,
2018-01-12,0.47,
2018-01-13,0.47,
2018-01-14,0.46,
2018-01-15,0.46,
2018-01-16,0.47,170.0
2018-01-17,0.55,
2018-01-18,0.71,
2018-01-19,0.69,
2018-01-20,0.75,
2018-01-21,0.75,
2018-01-22,0.76,
2018-01-23,0.71,
2018-01-24,0.69,
2018-01-25,0.68,
2018-01-26,0.67,
2018-01-27,0.67,
2018-01-28,0.67,
2018-01-29,0.67,
2018-01-30,0.67,
2018-01-31,0.66,
2018-02-01,0.67,260.0
2018-02-02,0.89,
2018-02-03,0.87,
2018-02-04,0.84,
2018-02-05,0.81,
2018-02-06,0.79,
2018-02-07,0.79,
2018-02-08,0.78,
2018-02-09,0.77,
2018-02-10,0.79,
2018-02-11,0.8,
2018-02-12,1.03,
2018-02-13,1.0,
2018-02-14,0.96,
2018-02-15,0.93,285.0
2018-02-16,0.87,
2018-02-17,0.85,
2018-02-18,0.83,
2018-02-19,0.79,
2018-02-20,0.79,
2018-02-21,0.81,
2018-02-22,0.8,
2018-02-23,0.79,
2018-02-24,0.79,
2018-02-25,0.78,
2018-02-26,0.78,
2018-02-27,0.77,
2018-02-28,0.77,
2018-03-01,0.81,260.0
2018-03-02,0.82,
2018-03-03,0.86,
2018-03-04,0.89,
2018-03-05,0.86,
2018-03-06,0.85,
2018-03-07,0.87,
2018-03-08,0.95,
2018-03-09,0.91,
2018-03-10,0.87,
2018-03-11,0.8,
2018-03-12,0.75,
2018-03-13,0.76,
2018-03-14,0.75,
2018-03-15,0.74,235.0
2018-03-16,0.71,
2018-03-17,0.7,
2018-03-18,0.81,
2018-03-19,0.82,
2018-03-20,0.81,
2018-03-21,0.83,
2018-03-22,0.8,
2018-03-23,0.83,
2018-03-24,0.79,
2018-03-25,0.75,
2018-03-26,0.73,
2018-03-27,0.76,
2018-03-28,0.71,
2018-03-29,0.68,
2018-03-30,0.64,
2018-03-31,0.84,240.0
2018-04-01,0.9,
2018-04-02,0.77,
2018-04-03,0.65,
2018-04-04,0.57,
2018-04-05,0.54,
2018-04-06,0.52,
2018-04-07,0.5,
2018-04-08,0.45,
2018-04-09,0.41,
2018-04-10,0.32,
2018-04-11,0.29,
2018-04-12,0.27,
2018-04-13,0.17,
2018-04-14,0.0,
2018-04-15,0.0,
2018-04-16,0.0,
2018-04-17,0.0,
2018-04-18,0.0,
2018-04-19,0.0,
2018-04-20,0.0,
2018-04-21,0.0,
2018-04-22,0.0,
2018-04-23,0.0,
2018-04-24,0.0,
2018-04-25,0.0,
2018-04-26,0.0,
2018-04-27,0.0,
2018-04-28,0.0,
2018-04-29,0.0,
2018-04-30,0.0,
2018-05-01,0.0,
2018-05-02,0.0,
2018-05-03,0.0,
2018-05-04,0.0,
2018-05-05,0.0,
2018-05-06,0.0,
2018-05-07,0.0,
2018-05-08,0.0,
2018-05-09,0.0,
2018-05-10,0.0,
2018-05-11,0.0,
2018-05-12,0.0,
2018-05-13,0.0,
2018-05-14,0.0,
2018-05-15,0.0,
2018-05-16,0.0,
2018-05-17,0.0,
2018-05-18,0.0,
2018-05-19,0.0,
2018-05-20,0.0,
2018-05-21,0.0,
2018-05-22,0.0,
2018-05-23,0.0,
2018-05-24,0.0,
2018-05-25,0.0,
2018-05-26,0.0,
2018-05-27,0.0,
2018-05-28,0.0,
2018-05-29,0.0,
2018-05-30,0.0,
2018-05-31,0.0,
2018-06-01,0.0,
2018-06-02,0.0,
2018-06-03,0.0,
2018-06-04,0.0,
2018-06-05,0.0,
2018-06-06,0.0,
2018-06-07,0.0,
2018-06-08,0.0,
2018-06-09,0.0,
2018-06-10,0.0,
2018-06-11,0.0,
2018-06-12,0.0,
2018-06-13,0.0,
2018-06-14,0.0,
2018-06-15,0.0,
2018-06-16,0.0,
2018-06-17,0.0,
2018-06-18,0.0,
2018-06-19,0.0,
2018-06-20,0.0,
2018-06-21,0.0,
2018-06-22,0.0,
2018-06-23,0.0,
2018-06-24,0.0,
2018-06-25,0.0,
2018-06-26,0.0,
2018-06-27,0.0,
2018-06-28,0.0,
2018-06-29,0.0,
2018-06-30,0.0,
2018-07-01,0.0,
2018-07-02,0.0,
2018-07-03,0.0,
2018-07-04,0.0,
2018-07-05,0.0,
2018-07-06,0.0,
2018-07-07,0.0,
2018-07-08,0.0,
2018-07-09,0.0,
2018-07-10,0.0,
2018-07-11,0.0,
2018-07-12,0.0,
2018-07-13,0.0,
2018-07-14,0.0,
2018-07-15,0.0,
2018-07-16,0.0,
2018-07-17,0.0,
2018-07-18,0.0,
2018-07-19,0.0,
2018-07-20,0.0,
2018-07-21,0.0,
2018-07-22,0.0,
2018-07-23,0.0,
2018-07-24,0.0,
2018-07-25,0.0,
2018-07-26,0.0,
2018-07-27,0.0,
2018-07-28,0.0,
2018-07-29,0.0,
2018-07-30,0.0,
2018-07-31,0.0,
2018-08-01,0.0,
2018-08-02,0.0,
2018-08-03,0.0,
2018-08-04,0.0,
2018-08-05,0.0,
2018-08-06,0.0,
2018-08-07,0.0,
2018-08-08,0.0,
2018-08-09,0.0,
2018-08-10,0.0,
2018-08-11,0.0,
2018-08-12,0.0,
2018-08-13,0.0,
2018-08-14,0.0,
2018-08-15,0.0,
2018-08-16,0.0,
2018-08-17,0.0,
2018-08-18,0.0,
2018-08-19,0.0,
2018-08-20,0.0,
2018-08-21,0.0,
2018-08-22,0.0,
2018-08-23,0.0,
2018-08-24,0.0,
2018-08-25,0.0,
2018-08-26,0.0,
2018-08-27,0.0,
2018-08-28,0.0,
2018-08-29,0.0,
2018-08-30,0.0,
2018-08-31,0.0,
2018-09-01,0.0,
2018-09-02,0.0,
2018-09-03,0.0,
2018-09-04,0.0,
2018-09-05,0.0,
2018-09-06,0.0,
2018-09-07,0.0,
2018-09-08,0.0,
2018-09-09,0.0,
2018-09-10,0.0,
2018-09-11,0.0,
2018-09-12,0.0,
2018-09-13,0.0,
2018-09-14,0.0,
2018-09-15,0.0,
2018-09-16,0.0,
2018-09-17,0.0,
2018-09-18,0.0,
2018-09-19,0.0,
2018-09-20,0.0,
2018-09-21,0.0,
2018-09-22,0.0,
2018-09-23,0.0,
2018-09-24,0.0,
2018-09-25,0.0,
2018-09-26,0.0,
2018-09-27,0.0,
2018-09-28,0.0,
2018-09-29,0.0,
2018-09-30,0.0,
2018-10-01,0.0,
2018-10-02,0.0,
2018-10-03,0.0,
2018-10-04,0.0,
2018-10-05,0.0,
2018-10-06,0.0,
2018-10-07,0.0,
2018-10-08,0.0,
2018-10-09,0.0,
2018-10-10,0.0,
2018-10-11,0.0,
2018-10-12,0.0,
2018-10-13,0.0,
2018-10-14,0.0,
2018-10-15,0.0,
2018-10-16,0.0,
2018-10-17,0.0,
2018-10-18,0.0,
2018-10-19,0.0,
2018-10-20,0.0,
2018-10-21,0.0,
2018-10-22,0.0,
2018-10-23,0.0,
2018-10-24,0.0,
2018-10-25,0.0,
2018-10-26,0.0,
2018-10-27,0.0,
2018-10-28,0.0,
2018-10-29,0.0,
2018-10-30,0.03,
2018-10-31,0.01,
2018-11-01,0.0,
2018-11-02,0.0,
2018-11-03,0.0,
2018-11-04,0.0,
2018-11-05,0.0,
2018-11-06,0.0,
2018-11-07,0.0,
2018-11-08,0.0,
2018-11-09,0.0,
2018-11-10,0.0,
2018-11-11,0.0,
2018-11-12,0.0,
2018-11-13,0.0,
2018-11-14,0.0,
2018-11-15,0.0,
2018-11-16,0.0,
2018-11-17,0.0,
2018-11-18,0.0,
2018-11-19,0.0,
2018-11-20,0.0,
2018-11-21,0.0,
2018-11-22,0.0,
2018-11-23,0.0,
2018-11-24,0.0,
2018-11-25,0.0,
2018-11-26,0.01,
2018-11-27,0.12,
2018-11-28,0.17,
2018-11-29,0.13,
2018-11-30,0.09,
2018-12-01,0.0,
2018-12-02,0.0,
2018-12-03,0.0,
2018-12-04,0.0,
2018-12-05,0.0,
2018-12-06,0.0,
2018-12-07,0.0,
2018-12-08,0.01,
2018-12-09,0.0,
2018-12-10,0.12,
2018-12-11,0.15,
2018-12-12,0.13,
2018-12-13,0.13,
2018-12-14,0.13,
2018-12-15,0.13,
2018-12-16,0.15,40.0
2018-12-17,0.22,
2018-12-18,0.22,
2018-12-19,0.22,
2018-12-20,0.23,
2018-12-21,0.23,
2018-12-22,0.17,
2018-12-23,0.14,
2018-12-24,0.12,
2018-12-25,0.14,
2018-12-26,0.13,
2018-12-27,0.13,
2018-12-28,0.13,
2018-12-29,0.13,
2018-12-30,0.13,
2018-12-31,0.13,50.0
2019-01-01,0.13,
2019-01-02,0.13,
2019-01-03,0.15,
2019-01-04,0.14,
2019-01-05,0.14,
2019-01-06,0.16,
2019-01-07,0.14,
2019-01-08,0.15,
2019-01-09,0.3,
2019-01-10,0.44,
2019-01-11,0.39,
2019-01-12,0.39,
2019-01-13,0.46,
2019-01-14,0.48,
2019-01-15,0.53,
2019-01-16,0.51,115.0
2019-01-17,0.48,
2019-01-18,0.56,
2019-01-19,0.53,
2019-01-20,0.5,
2019-01-21,0.5,
2019-01-22,0.49,
2019-01-23,0.49,
2019-01-24,0.48,
2019-01-25,0.48,
2019-01-26,0.47,
2019-01-27,0.46,
2019-01-28,0.78,
2019-01-29,0.81,
2019-01-30,0.75,
2019-01-31,0.96,155.0
2019-02-01,0.77,
2019-02-02,0.85,
2019-02-03,0.81,
2019-02-04,0.84,
2019-02-05,0.83,
2019-02-06,0.82,
2019-02-07,0.81,
2019-02-08,0.82,
2019-02-09,0.8,
2019-02-10,0.77,
2019-02-11,0.94,
2019-02-12,0.87,
2019-02-13,0.84,
2019-02-14,0.81,
2019-02-15,0.8,
2019-02-16,0.8,195.0
2019-02-17,0.8,
2019-02-18,0.8,
2019-02-19,0.8,
2019-02-20,0.8,
2019-02-21,0.8,
2019-02-22,0.8,
2019-02-23,0.8,
2019-02-24,0.8,
2019-02-25,0.79,
2019-02-26,0.79,
2019-02-27,0.78,
2019-02-28,0.77,
2019-03-01,0.77,220.0
2019-03-02,0.82,
2019-03-03,0.79,
2019-03-04,0.77,
2019-03-05,0.79,
2019-03-06,0.77,
2019-03-07,0.71,
2019-03-08,0.7,
2019-03-09,0.65,
2019-03-10,0.6,
2019-03-11,0.62,
2019-03-12,0.79,
2019-03-13,0.81,
2019-03-14,0.89,
2019-03-15,0.9,
2019-03-16,0.81,245.0
2019-03-17,0.77,
2019-03-18,0.89,
2019-03-19,0.81,
2019-03-20,0.76,
2019-03-21,0.75,
2019-03-22,0.74,
2019-03-23,0.73,
2019-03-24,0.72,
2019-03-25,0.69,
2019-03-26,0.73,
2019-03-27,0.67,
2019-03-28,0.66,
2019-03-29,0.63,
2019-03-30,0.61,
2019-03-31,0.6,
2019-04-01,0.56,225.0
2019-04-02,0.53,
2019-04-03,0.48,
2019-04-04,0.72,
2019-04-05,0.8,
2019-04-06,0.65,
2019-04-07,0.57,
2019-04-08,0.55,
2019-04-09,0.52,
2019-04-10,0.47,
2019-04-11,0.45,
2019-04-12,0.41,
2019-04-13,0.35,
2019-04-14,0.41,
2019-04-15,0.35,150.0
2019-04-16,0.31,
2019-04-17,0.28,
2019-04-18,0.23,
2019-04-19,0.16,
2019-04-20,0.1,
2019-04-21,0.08,
2019-04-22,0.04,
2019-04-23,0.0,
2019-04-24,0.0,
2019-04-25,0.0,
2019-04-26,0.03,
2019-04-27,0.0,
2019-04-28,0.1,
2019-04-29,0.0,
2019-04-30,0.0,
2019-05-01,0.0,
2019-05-02,0.0,
2019-05-03,0.0,
2019-05-04,0.0,
2019-05-05,0.04,
2019-05-06,0.03,
2019-05-07,0.0,
2019-05-08,0.0,
2019-05-09,0.0,
2019-05-10,0.0,
2019-05-11,0.0,
2019-05-12,0.0,
2019-05-13,0.0,
2019-05-14,0.0,
2019-05-15,0.0,
2019-05-16,0.0,
2019-05-17,0.0,
2019-05-18,0.0,
2019-05-19,0.0,
2019-05-20,0.0,
2019-05-21,0.0,
2019-05-22,0.0,
2019-05-23,0.0,
2019-05-24,0.0,
2019-05-25,0.0,
2019-05-26,0.0,
2019-05-27,0.0,
2019-05-28,0.0,
2019-05-29,0.0,
2019-05-30,0.0,
2019-05-31,0.0,
2019-06-01,0.0,
2019-06-02,0.0,
2019-06-03,0.0,
2019-06-04,0.0,
2019-06-05,0.0,
2019-06-06,0.0,
2019-06-07,0.0,
2019-06-08,0.0,
2019-06-09,0.0,
2019-06-10,0.0,
2019-06-11,0.0,
2019-06-12,0.0,
2019-06-13,0.0,
2019-06-14,0.0,
2019-06-15,0.0,
2019-06-16,0.0,
2019-06-17,0.0,
2019-06-18,0.0,
2019-06-19,0.0,
2019-06-20,0.0,
2019-06-21,0.0,
2019-06-22,0.0,
2019-06-23,0.0,
2019-06-24,0.0,
2019-06-25,0.0,
2019-06-26,0.0,
2019-06-27,0.0,
2019-06-28,0.0,
2019-06-29,0.0,
2019-06-30,0.0,
2019-07-01,0.0,
2019-07-02,0.0,
2019-07-03,0.0,
2019-07-04,0.0,
2019-07-05,0.0,
2019-07-06,0.0,
2019-07-07,0.0,
2019-07-08,0.0,
2019-07-09,0.0,
2019-07-10,0.0,
2019-07-11,0.0,
2019-07-12,0.0,
2019-07-13,0.0,
2019-07-14,0.0,
2019-07-15,0.0,
2019-07-16,0.0,
2019-07-17,0.0,
2019-07-18,0.0,
2019-07-19,0.0,
2019-07-20,0.0,
2019-07-21,0.0,
2019-07-22,0.0,
2019-07-23,0.0,
2019-07-24,0.0,
2019-07-25,0.0,
2019-07-26,0.0,
2019-07-27,0.0,
2019-07-28,0.0,
2019-07-29,0.0,
2019-07-30,0.0,
2019-07-31,0.0,
2019-08-01,0.0,
2019-08-02,0.0,
2019-08-03,0.0,
2019-08-04,0.0,
2019-08-05,0.0,
2019-08-06,0.0,
2019-08-07,0.0,
2019-08-08,0.0,
2019-08-09,0.0,
2019-08-10,0.0,
2019-08-11,0.0,
2019-08-12,0.0,
2019-08-13,0.0,
2019-08-14,0.0,
2019-08-15,0.0,
2019-08-16,0.0,
2019-08-17,0.0,
2019-08-18,0.0,
2019-08-19,0.0,
2019-08-20,0.0,
2019-08-21,0.0,
2019-08-22,0.0,
2019-08-23,0.0,
2019-08-24,0.0,
2019-08-25,0.0,
2019-08-26,0.0,
2019-08-27,0.0,
2019-08-28,0.0,
2019-08-29,0.0,
2019-08-30,0.0,
2019-08-31,0.0,
2019-09-01,0.0,
2019-09-02,0.0,
2019-09-03,0.0,
2019-09-04,0.0,
2019-09-05,0.0,
2019-09-06,0.0,
2019-09-07,0.0,
2019-09-08,0.0,
2019-09-09,0.0,
2019-09-10,0.0,
2019-09-11,0.0,
2019-09-12,0.0,
2019-09-13,0.0,
2019-09-14,0.0,
2019-09-15,0.0,
2019-09-16,0.0,
2019-09-17,0.0,
2019-09-18,0.0,
2019-09-19,0.0,
2019-09-20,0.0,
2019-09-21,0.0,
2019-09-22,0.0,
2019-09-23,0.0,
2019-09-24,0.0,
2019-09-25,0.0,
2019-09-26,0.0,
2019-09-27,0.0,
2019-09-28,0.0,
2019-09-29,0.0,
2019-09-30,0.0,
2019-10-01,0.0,
2019-10-02,0.0,
2019-10-03,0.0,
2019-10-04,0.0,
2019-10-05,0.0,
2019-10-06,0.0,
2019-10-07,0.0,
2019-10-08,0.0,
2019-10-09,0.0,
2019-10-10,0.0,
2019-10-11,0.0,
2019-10-12,0.0,
2019-10-13,0.0,
2019-10-14,0.0,
2019-10-15,0.0,
2019-10-16,0.0,
2019-10-17,0.0,
2019-10-18,0.0,
2019-10-19,0.0,
2019-10-20,0.0,
2019-10-21,0.0,
2019-10-22,0.0,
2019-10-23,0.0,
2019-10-24,0.0,
2019-10-25,0.0,
2019-10-26,0.0,
2019-10-27,0.0,
2019-10-28,0.0,
2019-10-29,0.0,
2019-10-30,0.0,
2019-10-31,0.0,
2019-11-01,0.0,
2019-11-02,0.0,
2019-11-03,0.0,
2019-11-04,0.0,
2019-11-05,0.0,
2019-11-06,0.01,
2019-11-07,0.0,
2019-11-08,0.03,
2019-11-09,0.07,
2019-11-10,0.06,
2019-11-11,0.05,
2019-11-12,0.05,
2019-11-13,0.04,
2019-11-14,0.03,
2019-11-15,0.06,15.0
2019-11-16,0.04,
2019-11-17,0.03,
2019-11-18,0.06,
2019-11-19,0.05,
2019-11-20,0.05,
2019-11-21,0.05,
2019-11-22,0.05,
2019-11-23,0.04,
2019-11-24,0.03,
2019-11-25,0.0,
2019-11-26,0.0,
2019-11-27,0.0,
2019-11-28,0.0,
2019-11-29,0.02,
2019-11-30,0.03,
2019-12-01,0.02,
2019-12-02,0.01,
2019-12-03,0.0,
2019-12-04,0.0,
2019-12-05,0.0,
2019-12-06,0.0,
2019-12-07,0.0,
2019-12-08,0.0,
2019-12-09,0.0,
2019-12-10,0.26,
2019-12-11,0.23,
2019-12-12,0.32,
2019-12-13,0.39,
2019-12-14,0.43,
2019-12-15,0.32,
2019-12-16,0.29,90.0
2019-12-17,0.09,
2019-12-18,0.0,
2019-12-19,0.0,
2019-12-20,0.0,
2019-12-21,0.0,
2019-12-22,0.0,
2019-12-23,0.17,
2019-12-24,0.21,
2019-12-25,0.16,
2019-12-26,0.14,
2019-12-27,0.13,
2019-12-28,0.14,
2019-12-29,0.13,
2019-12-30,0.13,
2019-12-31,0.13,40.0
2020-01-01,0.13,
2020-01-02,0.13,
2020-01-03,0.13,
2020-01-04,0.12,
2020-01-05,0.12,
2020-01-06,0.12,
2020-01-07,0.12,
2020-01-08,0.12,
2020-01-09,0.12,
2020-01-10,0.12,
2020-01-11,0.12,
2020-01-12,0.12,
2020-01-13,0.12,
2020-01-14,0.12,
2020-01-15,0.12,30.0
2020-01-16,0.12,
2020-01-17,0.12,
2020-01-18,0.17,
2020-01-19,0.15,
2020-01-20,0.15,
2020-01-21,0.15,
2020-01-22,0.15,
2020-01-23,0.15,
2020-01-24,0.15,
2020-01-25,0.15,
2020-01-26,0.15,
2020-01-27,0.17,
2020-01-28,0.17,
2020-01-29,0.58,
2020-01-30,0.62,105.0
2020-01-31,0.53,
2020-02-01,0.44,
2020-02-02,0.38,
2020-02-03,0.32,
2020-02-04,0.28,
2020-02-05,0.38,
2020-02-06,0.35,
2020-02-07,0.35,
2020-02-08,0.33,
2020-02-09,0.32,
2020-02-10,0.31,
2020-02-11,0.3,
2020-02-12,0.35,
2020-02-13,0.33,
2020-02-14,0.38,115.0
2020-02-15,0.36,
2020-02-16,0.33,
2020-02-17,0.3,
2020-02-18,0.31,
2020-02-19,0.32,
2020-02-20,0.38,
2020-02-21,0.36,
2020-02-22,0.35,
2020-02-23,0.33,
2020-02-24,0.32,
2020-02-25,0.32,
2020-02-26,0.43,
2020-02-27,0.58,
2020-02-28,0.53,140.0
2020-02-29,0.51,
2020-03-01,0.42,
2020-03-02,0.44,
2020-03-03,0.67,
2020-03-04,0.63,
2020-03-05,0.58,
2020-03-06,0.52,
2020-03-07,0.5,
2020-03-08,0.49,
2020-03-09,0.59,
2020-03-10,0.57,
2020-03-11,0.57,
2020-03-12,0.53,
2020-03-13,0.49,
2020-03-14,0.47,180.0
2020-03-15,0.46,
2020-03-16,0.45,
2020-03-17,0.43,
2020-03-18,0.42,
2020-03-19,0.41,
2020-03-20,0.41,
2020-03-21,0.4,
2020-03-22,0.39,
2020-03-23,0.34,
2020-03-24,0.31,
2020-03-25,0.3,
2020-03-26,0.27,
2020-03-27,0.23,
2020-03-28,0.21,
2020-03-29,0.2,
2020-03-30,0.22,
2020-03-31,0.19,
2020-04-01,0.17,90.0
2020-04-02,0.11,
2020-04-03,0.05,
2020-04-04,0.0,
2020-04-05,0.0,
2020-04-06,0.0,
2020-04-07,0.0,
2020-04-08,0.0,
2020-04-09,0.0,
2020-04-10,0.0,
2020-04-11,0.0,
2020-04-12,0.0,
2020-04-13,0.0,
2020-04-14,0.0,
2020-04-15,0.0,
2020-04-16,0.0,
2020-04-17,0.0,
2020-04-18,0.0,
2020-04-19,0.0,
2020-04-20,0.0,
2020-04-21,0.0,
2020-04-22,0.0,
2020-04-23,0.0,
2020-04-24,0.0,
2020-04-25,0.0,
2020-04-26,0.0,
2020-04-27,0.0,
2020-04-28,0.0,
2020-04-29,0.0,
2020-04-30,0.0,
2020-05-01,0.0,
2020-05-02,0.0,
2020-05-03,0.0,
2020-05-04,0.0,
2020-05-05,0.0,
2020-05-06,0.0,
2020-05-07,0.0,
2020-05-08,0.0,
2020-05-09,0.0,
2020-05-10,0.0,
2020-05-11,0.0,
2020-05-12,0.0,
2020-05-13,0.0,
2020-05-14,0.0,
2020-05-15,0.0,
2020-05-16,0.0,
2020-05-17,0.0,
2020-05-18,0.0,
2020-05-19,0.0,
2020-05-20,0.0,
2020-05-21,0.0,
2020-05-22,0.0,
2020-05-23,0.0,
2020-05-24,0.0,
2020-05-25,0.0,
2020-05-26,0.0,
2020-05-27,0.0,
2020-05-28,0.0,
2020-05-29,0.0,
2020-05-30,0.0,
2020-05-31,0.0,
2020-06-01,0.0,
2020-06-02,0.0,
2020-06-03,0.0,
2020-06-04,0.0,
2020-06-05,0.0,
2020-06-06,0.0,
2020-06-07,0.0,
2020-06-08,0.0,
2020-06-09,0.0,
2020-06-10,0.0,
2020-06-11,0.0,
2020-06-12,0.0,
2020-06-13,0.0,
2020-06-14,0.0,
2020-06-15,0.0,
2020-06-16,0.0,
2020-06-17,0.0,
2020-06-18,0.0,
2020-06-19,0.0,
2020-06-20,0.0,
2020-06-21,0.0,
2020-06-22,0.0,
2020-06-23,0.0,
2020-06-24,0.0,
2020-06-25,0.0,
2020-06-26,0.0,
2020-06-27,0.0,
2020-06-28,0.0,
2020-06-29,0.0,
2020-06-30,0.0,
2020-07-01,0.0,
2020-07-02,0.0,
2020-07-03,0.0,
2020-07-04,0.0,
2020-07-05,0.0,
2020-07-06,0.0,
2020-07-07,0.0,
2020-07-08,0.0,
2020-07-09,0.0,
2020-07-10,0.0,
2020-07-11,0.0,
2020-07-12,0.0,
2020-07-13,0.0,
2020-07-14,0.0,
2020-07-15,0.0,
2020-07-16,0.0,
2020-07-17,0.0,
2020-07-18,0.0,
2020-07-19,0.0,
2020-07-20,0.0,
2020-07-21,0.0,
2020-07-22,0.0,
2020-07-23,0.0,
2020-07-24,0.0,
2020-07-25,0.0,
2020-07-26,0.0,
2020-07-27,0.0,
2020-07-28,0.0,
2020-07-29,0.0,
2020-07-30,0.0,
2020-07-31,0.0,
2020-08-01,0.0,
2020-08-02,0.0,
2020-08-03,0.0,
2020-08-04,0.0,
2020-08-05,0.0,
2020-08-06,0.0,
2020-08-07,0.0,
2020-08-08,0.0,
2020-08-09,0.0,
2020-08-10,0.0,
2020-08-11,0.0,
2020-08-12,0.0,
2020-08-13,0.0,
2020-08-14,0.0,
2020-08-15,0.0,
2020-08-16,0.0,
2020-08-17,0.0,
2020-08-18,0.0,
2020-08-19,0.0,
2020-08-20,0.0,
2020-08-21,0.0,
2020-08-22,0.0,
2020-08-23,0.0,
2020-08-24,0.0,
2020-08-25,0.0,
2020-08-26,0.0,
2020-08-27,0.0,
2020-08-28,0.0,
2020-08-29,0.0,
2020-08-30,0.0,
2020-08-31,0.0,
2020-09-01,0.0,
2020-09-02,0.0,
2020-09-03,0.0,
2020-09-04,0.0,
2020-09-05,0.0,
2020-09-06,0.0,
2020-09-07,0.0,
2020-09-08,0.0,
2020-09-09,0.0,
2020-09-10,0.0,
2020-09-11,0.0,
2020-09-12,0.0,
2020-09-13,0.0,
2020-09-14,0.0,
2020-09-15,0.0,
2020-09-16,0.0,
2020-09-17,0.0,
2020-09-18,0.0,
2020-09-19,0.0,
2020-09-20,0.0,
2020-09-21,0.0,
2020-09-22,0.0,
2020-09-23,0.0,
2020-09-24,0.0,
2020-09-25,0.0,
2020-09-26,0.02,
2020-09-27,0.02,
2020-09-28,0.0,
2020-09-29,0.0,
2020-09-30,0.0,
2020-10-01,0.0,
2020-10-02,0.0,
2020-10-03,0.0,
2020-10-04,0.0,
2020-10-05,0.0,
2020-10-06,0.0,
2020-10-07,0.0,
2020-10-08,0.0,
2020-10-09,0.0,
2020-10-10,0.0,
2020-10-11,0.0,
2020-10-12,0.0,
2020-10-13,0.0,
2020-10-14,0.0,
2020-10-15,0.0,
2020-10-16,0.0,
2020-10-17,0.0,
2020-10-18,0.0,
2020-10-19,0.0,
2020-10-20,0.0,
2020-10-21,0.0,
2020-10-22,0.0,
2020-10-23,0.0,
2020-10-24,0.0,
2020-10-25,0.0,
2020-10-26,0.0,
2020-10-27,0.01,
2020-10-28,0.0,
2020-10-29,0.0,
2020-10-30,0.0,
2020-10-31,0.0,
2020-11-01,0.0,
2020-11-02,0.0,
2020-11-03,0.0,
2020-11-04,0.0,
2020-11-05,0.0,
2020-11-06,0.0,
2020-11-07,0.0,
2020-11-08,0.0,
2020-11-09,0.0,
2020-11-10,0.0,
2020-11-11,0.0,
2020-11-12,0.0,
2020-11-13,0.0,
2020-11-14,0.0,
2020-11-15,0.0,
2020-11-16,0.0,
2020-11-17,0.0,
2020-11-18,0.0,
2020-11-19,0.0,
2020-11-20,0.05,
2020-11-21,0.033,
2020-11-22,0.026000000000000002,
2020-11-23,0.023,
2020-11-24,0.02,
2020-11-25,0.01,
2020-11-26,0.01,
2020-11-27,0.0,
2020-11-28,0.0,
2020-11-29,0.0,
2020-11-30,0.0,
2020-12-01,0.05,
2020-12-02,0.13,
2020-12-03,0.14,
2020-12-04,0.1,
2020-12-05,0.17,
2020-12-06,0.23,
2020-12-07,0.25,
2020-12-08,0.26,
2020-12-09,0.29,
2020-12-10,0.33,
2020-12-11,0.3,
2020-12-12,0.29,
2020-12-13,0.27,
2020-12-14,0.27,
2020-12-15,0.26,57.0
2020-12-16,0.25,
2020-12-17,0.25,
2020-12-18,0.25,
2020-12-19,0.25,
2020-12-20,0.23,
2020-12-21,0.23,
2020-12-22,0.23,
2020-12-23,0.22,
2020-12-24,0.22,
2020-12-25,0.35,
2020-12-26,0.33,
2020-12-27,0.32,
2020-12-28,0.29,
2020-12-29,0.34,
2020-12-30,0.36,
2020-12-31,0.35,75.0
2021-01-01,0.35,
2021-01-02,0.33,
2021-01-03,0.32,
2021-01-04,0.31,
2021-01-05,0.31,
2021-01-06,0.3,
2021-01-07,0.3,
2021-01-08,0.3,
2021-01-09,0.3,
2021-01-10,0.3,
2021-01-11,0.3,
2021-01-12,0.3,
2021-01-13,0.41,
2021-01-14,0.53,115.0
2021-01-15,0.58,
2021-01-16,0.66,
2021-01-17,0.72,
2021-01-18,0.81,
2021-01-19,0.76,
2021-01-20,0.69,
2021-01-21,0.63,
2021-01-22,0.58,
2021-01-23,0.61,
2021-01-24,0.69,
2021-01-25,0.93,
2021-01-26,0.99,
2021-01-27,0.93,
2021-01-28,0.89,
2021-01-29,0.79,210.0
2021-01-30,0.73,
2021-01-31,0.742,
2021-02-01,0.75,
2021-02-02,0.73,
2021-02-03,0.71,
2021-02-04,0.69,
2021-02-05,0.69,
2021-02-06,0.68,
2021-02-07,0.67,
2021-02-08,0.7,
2021-02-09,0.7,
2021-02-10,0.71,
2021-02-11,0.69,
2021-02-12,0.68,
2021-02-13,0.7,
2021-02-14,0.69,
2021-02-15,0.69,
2021-02-16,0.69,205.0
2021-02-17,0.68,
2021-02-18,0.68,
2021-02-19,0.677,
2021-02-20,0.67,
2021-02-21,0.67,
2021-02-22,0.67,
2021-02-23,0.65,
2021-02-24,0.65,
2021-02-25,0.65,
2021-02-26,0.65,
2021-02-27,0.65,
2021-02-28,0.64,
2021-03-01,0.64,205.0
2021-03-02,0.63,
2021-03-03,0.63,
2021-03-04,0.63,
2021-03-05,0.62,
2021-03-06,0.62,
2021-03-07,0.61,
2021-03-08,0.62,
2021-03-09,0.63,
2021-03-10,0.62,
2021-03-11,0.61,
2021-03-12,0.57,
2021-03-13,0.57,
2021-03-14,0.65,
2021-03-15,1.05,
2021-03-16,1.27,280.0
2021-03-17,1.19,
2021-03-18,1.18,
2021-03-19,1.11,
2021-03-20,1.06,
2021-03-21,1.03,
2021-03-22,0.99,
2021-03-23,0.96,
2021-03-24,0.9,
2021-03-25,0.85,
2021-03-26,0.8,
2021-03-27,0.77,
2021-03-28,0.74,
2021-03-29,0.71,290.0
2021-03-30,0.68,
2021-03-31,0.63,
2021-04-01,0.61,
2021-04-02,0.58,
2021-04-03,0.55,
2021-04-04,0.54,
2021-04-05,0.52,
2021-04-06,0.46,
2021-04-07,0.47,
2021-04-08,0.44,
2021-04-09,0.4,
2021-04-10,0.38,
2021-04-11,0.34,
2021-04-12,0.25,
2021-04-13,0.23,
2021-04-14,0.18,
2021-04-15,0.16,60.0
2021-04-16,0.15,
2021-04-17,0.13,
2021-04-18,0.087,
2021-04-19,0.05,
2021-04-20,0.03,
2021-04-21,0.0,
2021-04-22,0.0,
2021-04-23,0.0,
2021-04-24,0.0,
2021-04-25,0.0,
2021-04-26,0.0,
2021-04-27,0.0,
2021-04-28,0.0,
2021-04-29,0.0,
2021-04-30,0.0,
2021-05-01,0.0,
2021-05-02,0.03,
2021-05-03,0.0,
2021-05-04,0.0,
2021-05-05,0.0,
2021-05-06,0.0,
2021-05-07,0.0,
2021-05-08,0.0,
2021-05-09,0.0,
2021-05-10,0.0,
2021-05-11,0.0,
2021-05-12,0.0,
2021-05-13,0.0,
2021-05-14,0.0,
2021-05-15,0.0,
2021-05-16,0.0,
2021-05-17,0.0,
2021-05-18,0.0,
2021-05-19,0.0,
2021-05-20,0.0,
2021-05-21,0.0,
2021-05-22,0.0,
2021-05-23,0.0,
2021-05-24,0.0,
2021-05-25,0.0,
2021-05-26,0.0,
2021-05-27,0.0,
2021-05-28,0.0,
2021-05-29,0.0,
2021-05-30,0.0,
2021-05-31,0.0,
2021-06-01,0.0,
2021-06-02,0.0,
2021-06-03,0.0,
2021-06-04,0.0,
2021-06-05,0.0,
2021-06-06,0.0,
2021-06-07,0.0,
2021-06-08,0.0,
2021-06-09,0.0,
2021-06-10,0.0,
2021-06-11,0.0,
2021-06-12,0.0,
2021-06-13,0.0,
2021-06-14,0.0,
2021-06-15,0.0,
2021-06-16,0.0,
2021-06-17,0.0,
2021-06-18,0.0,
2021-06-19,0.0,
2021-06-20,0.0,
2021-06-21,0.0,
2021-06-22,0.0,
2021-06-23,0.0,
2021-06-24,0.0,
2021-06-25,0.0,
2021-06-26,0.0,
2021-06-27,0.0,
2021-06-28,0.0,
2021-06-29,0.0,
2021-06-30,0.0,
2021-07-01,0.0,
2021-07-02,0.0,
2021-07-03,0.0,
2021-07-04,0.0,
2021-07-05,0.0,
2021-07-06,0.0,
2021-07-07,0.0,
2021-07-08,0.0,
2021-07-09,0.0,
2021-07-10,0.0,
2021-07-11,0.0,
2021-07-12,0.0,
2021-07-13,0.0,
2021-07-14,0.0,
2021-07-15,0.0,
2021-07-16,0.0,
2021-07-17,0.0,
2021-07-18,0.0,
2021-07-19,0.0,
2021-07-20,0.0,
2021-07-21,0.0,
2021-07-22,0.0,
2021-07-23,0.0,
2021-07-24,0.0,
2021-07-25,0.0,
2021-07-26,0.0,
2021-07-27,0.0,
2021-07-28,0.0,
2021-07-29,0.0,
2021-07-30,0.0,
2021-07-31,0.0,
2021-08-01,0.0,
2021-08-02,0.0,
2021-08-03,0.0,
2021-08-04,0.0,
2021-08-05,0.0,
2021-08-06,0.0,
2021-08-07,0.0,
2021-08-08,0.0,
2021-08-09,0.0,
2021-08-10,0.0,
2021-08-11,0.0,
2021-08-12,0.0,
2021-08-13,0.0,
2021-08-14,0.0,
2021-08-15,0.0,
2021-08-16,0.0,
2021-08-17,0.0,
2021-08-18,0.0,
2021-08-19,0.0,
2021-08-20,0.0,
2021-08-21,0.0,
2021-08-22,0.0,
2021-08-23,0.0,
2021-08-24,0.0,
2021-08-25,0.0,
2021-08-26,0.0,
2021-08-27,0.0,
2021-08-28,0.0,
2021-08-29,0.0,
2021-08-30,0.0,
2021-08-31,0.0,
2021-09-01,0.0,
2021-09-02,0.0,
2021-09-03,0.0,
2021-09-04,0.0,
2021-09-05,0.0,
2021-09-06,0.0,
2021-09-07,0.0,
2021-09-08,0.0,
2021-09-09,0.0,
2021-09-10,0.0,
2021-09-11,0.0,
2021-09-12,0.0,
2021-09-13,0.0,
2021-09-14,0.0,
2021-09-15,0.0,
2021-09-16,0.0,
2021-09-17,0.0,
2021-09-18,0.0,
2021-09-19,0.0,
2021-09-20,0.0,
2021-09-21,0.0,
2021-09-22,0.0,
2021-09-23,0.0,
2021-09-24,0.0,
2021-09-25,0.0,
2021-09-26,0.0,
2021-09-27,0.0,
2021-09-28,0.0,
2021-09-29,0.0,
2021-09-30,0.0,
2021-10-01,0.0,
2021-10-02,0.0,
2021-10-03,0.0,
2021-10-04,0.0,
2021-10-05,0.0,
2021-10-06,0.0,
2021-10-07,0.0,
2021-10-08,0.0,
2021-10-09,0.0,
2021-10-10,0.0,
2021-10-11,0.0,
2021-10-12,0.0,
2021-10-13,0.0,
2021-10-14,0.0,
2021-10-15,0.0,
2021-10-16,0.0,
2021-10-17,0.0,
2021-10-18,0.0,
2021-10-19,0.0,
2021-10-20,0.0,
2021-10-21,0.0,
2021-10-22,0.0,
2021-10-23,0.0,
2021-10-24,0.0,
2021-10-25,0.0,
2021-10-26,0.0,
2021-10-27,0.0,
2021-10-28,0.0,
2021-10-29,0.0,
2021-10-30,0.0,
2021-10-31,0.0,
2021-11-01,0.0,
2021-11-02,0.0,
2021-11-03,0.0,
2021-11-04,0.01,
2021-11-05,0.0,
2021-11-06,0.0,
2021-11-07,0.0,
2021-11-08,0.0,
2021-11-09,0.0,
2021-11-10,0.0,
2021-11-11,0.0,
2021-11-12,0.0,
2021-11-13,0.0,
2021-11-14,0.0,
2021-11-15,0.0,
2021-11-16,0.0,
2021-11-17,0.0,
2021-11-18,0.0,
2021-11-19,0.0,
2021-11-20,0.0,
2021-11-21,0.0,
2021-11-22,0.0,
2021-11-23,0.0,
2021-11-24,0.0,
2021-11-25,0.0,
2021-11-26,0.02,
2021-11-27,0.08,
2021-11-28,0.11,
2021-11-29,0.21,
2021-11-30,0.24,
2021-12-01,0.21,30.0
2021-12-02,0.2,
2021-12-03,0.3,
2021-12-04,0.27,
2021-12-05,0.24,
2021-12-06,0.2,
2021-12-07,0.22,
2021-12-08,0.22,
2021-12-09,0.58,
2021-12-10,0.52,
2021-12-11,0.78,
2021-12-12,0.82,
2021-12-13,0.68,
2021-12-14,0.64,
2021-12-15,0.6,
2021-12-16,0.59,100.0
2021-12-17,0.56,
2021-12-18,0.55,
2021-12-19,0.54,
2021-12-20,0.52,
2021-12-21,0.51,
2021-12-22,0.5,
2021-12-23,0.5,
2021-12-24,0.5,
2021-12-25,0.49,
2021-12-26,0.46,
2021-12-27,0.45,
2021-12-28,0.41,
2021-12-29,0.39,
2021-12-30,0.34,110.0
2021-12-31,0.34,
2022-01-01,0.33,
2022-01-02,0.33,
2022-01-03,0.32,
2022-01-04,0.32,
2022-01-05,0.33,
2022-01-06,0.35,
2022-01-07,0.33,
2022-01-08,0.42,
2022-01-09,0.51,
2022-01-10,0.64,
2022-01-11,0.6,
2022-01-12,0.58,
2022-01-13,0.54,130.0
2022-01-14,0.53,
2022-01-15,0.51,
2022-01-16,0.5,
2022-01-17,0.49,
2022-01-18,0.48,
2022-01-19,0.48,
2022-01-20,0.49,
2022-01-21,0.49,
2022-01-22,0.48,
2022-01-23,0.48,
2022-01-24,0.48,
2022-01-25,0.48,
2022-01-26,0.47,
2022-01-27,0.47,
2022-01-28,0.47,
2022-01-29,0.47,
2022-01-30,0.47,
2022-01-31,0.47,100.0
2022-02-01,0.54,
2022-02-02,0.59,
2022-02-03,0.56,
2022-02-04,0.56,
2022-02-05,0.56,
2022-02-06,0.56,
2022-02-07,0.61,
2022-02-08,0.6,
2022-02-09,0.6,
2022-02-10,0.6,
2022-02-11,0.6,
2022-02-12,0.59,
2022-02-13,0.59,
2022-02-14,0.59,
2022-02-15,0.66,
2022-02-16,0.74,180.0
2022-02-17,0.72,
2022-02-18,0.69,
2022-02-19,0.65,
2022-02-20,0.64,
2022-02-21,0.62,
2022-02-22,0.91,
2022-02-23,0.86,
2022-02-24,0.84,
2022-02-25,0.82,
2022-02-26,0.81,
2022-02-27,0.8,220.0
2022-02-28,0.79,
2022-03-01,0.79,
2022-03-02,0.79,
2022-03-03,0.78,
2022-03-04,0.78,
2022-03-05,0.78,
2022-03-06,0.78,
2022-03-07,0.78,
2022-03-08,0.78,
2022-03-09,0.78,
2022-03-10,0.77,
2022-03-11,0.77,
2022-03-12,0.77,
2022-03-13,0.75,240.0
2022-03-14,0.68,
2022-03-15,0.64,
2022-03-16,0.6,
2022-03-17,0.58,
2022-03-18,0.55,
2022-03-19,0.53,
2022-03-20,0.52,
2022-03-21,0.51,
2022-03-22,0.49,
2022-03-23,0.48,
2022-03-24,0.43,
2022-03-25,0.41,
2022-03-26,0.35,
2022-03-27,0.32,
2022-03-28,0.3,
2022-03-29,0.28,
2022-03-30,0.22,
2022-03-31,0.18,
2022-04-01,0.19,70.0
2022-04-02,0.44,
2022-04-03,0.46,
2022-04-04,0.39,
2022-04-05,0.37,
2022-04-06,0.34,
2022-04-07,0.26,
2022-04-08,0.14,
2022-04-09,0.11,
2022-04-10,0.21,
2022-04-11,0.11,
2022-04-12,0.08,
2022-04-13,0.05,
2022-04-14,0.0,
2022-04-15,0.0,
2022-04-16,0.0,
2022-04-17,0.0,
2022-04-18,0.0,
2022-04-19,0.0,
2022-04-20,0.0,
2022-04-21,0.0,
2022-04-22,0.0,
2022-04-23,0.0,
2022-04-24,0.0,
2022-04-25,0.0,
2022-04-26,0.0,
2022-04-27,0.0,
2022-04-28,0.0,
2022-04-29,0.0,
2022-04-30,0.0,
2022-05-01,0.0,
2022-05-02,0.0,
2022-05-03,0.0,
2022-05-04,0.0,
2022-05-05,0.0,
2022-05-06,0.0,
2022-05-07,0.0,
2022-05-08,0.0,
2022-05-09,0.0,
2022-05-10,0.0,
2022-05-11,0.0,
2022-05-12,0.0,
2022-05-13,0.0,
2022-05-14,0.0,
2022-05-15,0.0,
2022-05-16,0.0,
2022-05-17,0.0,
2022-05-18,0.0,
2022-05-19,0.0,
2022-05-20,0.0,
2022-05-21,0.0,
2022-05-22,0.0,
2022-05-23,0.0,
2022-05-24,0.0,
2022-05-25,0.0,
2022-05-26,0.0,
2022-05-27,0.0,
2022-05-28,0.0,
2022-05-29,0.0,
2022-05-30,0.0,
2022-05-31,0.0,
2022-06-01,0.0,
2022-06-02,0.0,
2022-06-03,0.0,
2022-06-04,0.0,
2022-06-05,0.0,
2022-06-06,0.0,
2022-06-07,0.0,
2022-06-08,0.0,
2022-06-09,0.0,
2022-06-10,0.0,
2022-06-11,0.0,
2022-06-12,0.0,
2022-06-13,0.0,
2022-06-14,0.0,
2022-06-15,0.0,
2022-06-16,0.0,
2022-06-17,0.0,
2022-06-18,0.0,
2022-06-19,0.0,
2022-06-20,0.0,
2022-06-21,0.0,
2022-06-22,0.0,
2022-06-23,0.0,
2022-06-24,0.0,
2022-06-25,0.0,
2022-06-26,0.0,
2022-06-27,0.0,
2022-06-28,0.0,
2022-06-29,0.0,
2022-06-30,0.0,
2022-07-01,0.0,
2022-07-02,0.0,
2022-07-03,0.0,
2022-07-04,0.0,
2022-07-05,0.0,
2022-07-06,0.0,
2022-07-07,0.0,
2022-07-08,0.0,
2022-07-09,0.0,
2022-07-10,0.0,
2022-07-11,0.0,
2022-07-12,0.0,
2022-07-13,0.0,
2022-07-14,0.0,
2022-07-15,0.0,
2022-07-16,0.0,
2022-07-17,0.0,
2022-07-18,0.0,
2022-07-19,0.0,
2022-07-20,0.0,
2022-07-21,0.0,
2022-07-22,0.0,
2022-07-23,0.0,
2022-07-24,0.0,
2022-07-25,0.0,
2022-07-26,0.0,
2022-07-27,0.0,
2022-07-28,0.0,
2022-07-29,0.0,
2022-07-30,0.0,
2022-07-31,0.0,
2022-08-01,0.0,
2022-08-02,0.0,
2022-08-03,0.0,
2022-08-04,0.0,
2022-08-05,0.0,
2022-08-06,0.0,
2022-08-07,0.0,
2022-08-08,0.0,
2022-08-09,0.0,
2022-08-10,0.0,
2022-08-11,0.0,
2022-08-12,0.0,
2022-08-13,0.0,
2022-08-14,0.0,
2022-08-15,0.0,
2022-08-16,0.0,
2022-08-17,0.0,
2022-08-18,0.0,
2022-08-19,0.0,
2022-08-20,0.0,
2022-08-21,0.0,
2022-08-22,0.0,
2022-08-23,0.0,
2022-08-24,0.0,
2022-08-25,0.0,
2022-08-26,0.0,
2022-08-27,0.0,
2022-08-28,0.0,
2022-08-29,0.0,
2022-08-30,0.0,
2022-08-31,0.0,
