iteration,rmse,bias,rho.max,rho.null,c.ov,k.exp
1,32.384170877118166,9.467245581990966,498.80128727073475,93.03255737133546,8.820332260650945e-05,0.18857814279477808
2,41.38197624472839,23.880260577274154,423.4808208367532,100.2986970999745,0.0005303007157984621,0.11203667473315733
3,35.85137637610044,17.355505128843518,407.17373707159925,103.25387320510957,0.00010332879304140953,0.1467188270251825
4,35.23279395447642,15.138227197048836,463.5748247868187,90.90269085926535,0.00044017360854421174,0.17858462211040654
5,33.72470667773624,13.105025935487726,492.7626881538339,95.99562897886683,0.00014942805112404202,0.12559181690689142
6,40.005824489671994,21.49039083428305,423.2324982359403,93.49839230337042,0.0006886799790698612,0.07851893199262486
7,39.029062337404895,22.264541391974056,490.5423328302654,109.49750589793962,0.000126793287405943,0.18368920746656492
8,49.91821107197649,32.60965794675165,497.62817314104393,104.40883192506598,0.000895203091819472,0.06930852269879648
9,42.64220624548839,24.07724287458164,461.75246458541665,92.26172532046434,0.0009182279945692221,0.09601053407630436
10,47.07161065111921,29.427609368210746,479.21608429726,99.60270679318813,0.0009108273041569053,0.19209168412816643
11,38.75814163417049,21.727678761779245,472.52015509716546,107.38693601713916,0.00016724064144544486,0.026993479170430032
12,40.33989757430658,23.331631767694088,406.38740440133404,105.03782450708019,0.00032264177283464234,0.07053358535516292
13,43.2619616810199,26.724316127653836,455.1997756122228,107.74142310315352,0.00040042425168874946,0.09472591193871967
14,38.066224175168955,20.48263084221762,432.9521172444766,103.54410194353119,0.00023408788739472076,0.055363546047417014
15,43.433034019781225,25.242638735906205,430.00920352853933,94.63160911680922,0.0008758123540105467,0.011895751866623963
16,43.87546950251771,26.626126673045345,418.7646333026667,101.75059409860846,0.0006318047996283461,0.05408593507757322
17,37.27314397766486,19.875450423979323,420.9111837989055,109.21037954199909,3.3677374561855026e-05,0.14976881632312897
18,40.14344059918793,23.171295608482367,459.93741215823684,105.55332801534473,0.000296204783284198,0.13580601843727091
19,43.13002130649554,25.16825909898393,482.8765927981171,96.35801488391137,0.0007848852612450522,0.05045458727397687
20,33.02871908701624,11.262693156260525,410.76011664036173,90.31690476880331,0.0002690161347341756,0.12792527932044545
21,32.254338981224954,8.509429982092927,425.6477954828158,93.887507428118,1.763570923474304e-05,0.19739418381812232
22,39.21449273283343,20.531462241173212,416.87006372474127,92.9829618457511,0.0006539609717725809,0.023588892277293813
23,44.02291098370333,26.373747952807832,413.44175265497546,98.74976407638296,0.0007489457508667791,0.17685766812602688
24,33.1274123803985,11.570722611959537,400.6242335314123,96.87443270894252,5.303136308970212e-05,0.14305252812493824
25,39.27100178773718,22.269785677003703,412.65402428143676,106.63237008665087,0.00021616052763633216,0.1035412504327329
26,46.77405296027447,30.22569507272843,427.13489084947895,108.52276953444516,0.0005657155960167137,0.06446259965819157
27,38.27987538957035,20.155866948906045,441.71904864281123,98.54547013708793,0.0003961833901497896,0.14042397528293288
28,37.1164908465326,19.664555263822844,486.0107150994327,109.67477198881048,1.2200886830290977e-05,0.05862971886786304
29,45.031979622932134,27.84504644686973,415.50768961528894,102.42621548807887,0.0006772258179538529,0.1959544316983281
30,36.62904898386213,17.9770983140158,444.84594412321013,97.8537590658565,0.0003117816439498378,0.17360108893550885
31,41.513923921439165,23.382370804533394,401.92669773407073,95.51423202771942,0.0007112930280712986,0.01940471453184632
32,39.819273166328976,21.659318740479744,468.483816283424,96.27182047615162,0.0005727275873124947,0.11089231351364509
33,43.47270280701304,26.59545027588105,435.5183038695261,104.79557844876685,0.0005053005526161398,0.08439701938848725
34,44.35400682351307,26.08480538243267,470.06795856925794,94.06161815184184,0.0009632468918121724,0.03789325826903546
35,33.54059771441952,12.685172928870623,484.4033860769238,95.09044967725796,0.00016140472237131877,0.15742480257006497
36,39.36127163027507,21.80988959860475,466.12022591234313,101.56767298629839,0.00036866053543906747,0.13109984169311975
37,47.75253313731775,30.07874879433,477.09656937952525,99.72885668629534,0.0009495502263623648,0.07353460144257241
38,51.59832939831886,34.59191076054103,440.8712213823033,108.74799654779304,0.0008314516089529783,0.0863416561854788
39,44.629162555816485,27.860896580417826,428.4575844061329,105.74728409696682,0.0005402906430956296,0.12178611464775313
40,37.36613524205915,18.01326456008146,404.33519168623866,91.07077970355942,0.0005916212168107313,0.16310583031960676
41,44.811023593098845,27.681492856544146,474.48489623017076,102.82981758675919,0.0006497611911410023,0.044546181273249476
42,34.22116562283052,13.643430103686825,438.14535457096054,91.50825214387741,0.00033884896156591033,0.02008078094786922
43,39.92719619226151,21.233840114647894,452.04655860423657,92.34881680424,0.0007274198190872776,0.03062840905497645
44,49.16728981295761,31.508706176432078,434.77183904312596,100.83691576752585,0.000994091210840581,0.13836328649957008
45,49.55646912609096,32.00135854964919,453.344920217552,102.01229564911817,0.0009699207465425844,0.11552347595139908
46,37.60366825917427,19.95844245221902,489.4199354325043,104.19696431439608,0.0001885293294063055,0.1616745165668522
47,43.14186581015119,24.96027485133939,451.3457335919401,94.73199428747304,0.000851691340689908,0.03989381623017542
48,40.1202979421336,21.348022481594523,493.77533727946957,91.71316462021734,0.0007654117948930825,0.18533110004302156
49,42.87644754290755,25.88323106787519,481.5006967619389,103.94510083186307,0.0004982098184321829,0.10142629186892778
50,49.57431742451135,32.51616690334844,496.4867442586285,106.21103381909109,0.0008056506908669819,0.03270665972500976
51,49.642025826678726,32.66968458537244,439.6013084143615,107.00306568387221,0.0007802872563829836,0.09077714052202157
52,37.52806127959811,20.180845239997545,460.47473415729576,108.24883046837267,7.38666764449515e-05,0.06320695710572113
53,38.99572072354593,20.957262695486154,467.2796385545321,98.14251367278618,0.00045482973605270524,0.08192527515953948
54,39.49102672334118,22.536341000480746,457.5313177029056,106.69471332166502,0.00022663243968185169,0.12074397659528305
55,38.96500700537375,20.84889790153587,409.3530881578706,97.10839444067558,0.0004772239187184444,0.16763627256188246
56,37.22791759050024,18.717514187424587,486.6751026397437,97.49073830838732,0.00036216074081219803,0.17117875493033574
57,42.80167973543755,25.37267223740575,475.5684439184171,100.47570259620875,0.0006101597954069261,0.01590955779495397
58,40.3801381935218,21.414163231887045,448.2161627539043,90.38533150677873,0.0008360273092077651,0.15527824128570644
59,37.397784525337315,19.375124014879404,449.67278679483184,101.11253839046788,0.0002638130280069069,0.10534849776100433
60,38.927332157757746,20.99050952559865,445.3813302758194,99.02565996994294,0.0004219065111120057,0.04648021540039641
61,32.342314386485455,9.397097236341018,425.6477954828158,92.27447020848409,0.00011119837110866893,0.19739418381812232
62,38.77831726434396,20.820491476247895,423.3352576177121,99.06897186779518,0.00041120730966546533,0.12452855758442673
63,32.99854664211516,11.341390418835447,407.17373707159925,95.0340957913164,0.00010332879304140953,0.07301906489234414
64,36.688939672712486,18.747935576822655,416.4690766924498,104.81076812216448,0.000115794718688265,0.17107166401016394
65,43.11403219585678,25.504297883750333,459.3592453554049,99.08180389352783,0.0006791026400421704,0.12559181690689142
66,39.84057360388868,21.308788188875685,475.95942109169727,93.49839230337042,0.000677457673042303,0.08739837596529065
67,35.08174341972946,15.892475241779001,404.4118898923464,100.43916964141059,0.000126793287405943,0.08483553204508323
68,33.565163244446445,12.726912954663055,490.00143067092756,94.72202695972126,0.00017602069261662528,0.06930852269879648
69,35.6178348849453,17.021371321796387,439.7655675462692,104.3366425587271,5.6951344447273456e-05,0.09601053407630436
70,36.18906076005537,17.402020262999148,479.21608429726,98.17468342196193,0.00027212866379417485,0.014823407575465533
71,38.75814163417049,21.727678761779245,454.0935490073434,107.38693601713916,0.00016724064144544486,0.19637455548637361
72,41.25307658878266,24.526155830312174,479.50701521240893,106.74157981406059,0.00032264177283464234,0.13637091736914986
73,47.295109232481984,30.617700998462386,455.1997756122228,107.74142310315352,0.0006203144767501263,0.09472591193871967
74,41.13829185862578,24.142148000623337,432.9521172444766,105.07423412852981,0.00037258829952412217,0.12514973673231758
75,44.06602747629946,27.76016027419831,435.4819859883172,109.71448447142336,0.000384091227400638,0.16924691698204938
76,36.79651973730673,18.767209879970085,429.3653583183545,103.13710724907153,0.00016880668498049043,0.13862562400010958
77,32.093425666842364,7.936691810614153,414.74477098136254,92.65885016772701,3.3677374561855026e-05,0.14976881632312897
78,36.012240536569756,17.74249557084716,422.99546058910863,105.55332801534473,5.110522081551303e-05,0.050489893764765835
79,40.423563624106684,22.81246155875332,410.8823076027158,100.00277753966316,0.00048235689919520996,0.049966420184585046
80,31.801661525908838,6.500571143504203,435.00662875870654,90.31690476880331,5.022734287448723e-05,0.11767378209745344
81,38.932688541713226,20.215813319521537,459.49615486899995,93.03255737133546,0.0006325409006857728,0.09372233740041826
82,32.107950263283506,8.167525072822647,494.1526295889379,92.45941617059253,5.045418999563724e-05,0.023588892277293813
83,32.44025944635133,9.336763584482108,415.9287445242805,94.6644669195838,2.8081480035385036e-05,0.07779781495142732
84,42.98133200836702,25.430012800780737,453.0029511334031,99.53390950082319,0.0006544908349070765,0.10253819159793069
85,46.605949263000355,29.75607220932225,459.3538569123147,105.87487700761032,0.0006466062668169467,0.08604265067093814
86,36.87382193823758,19.24548509909801,427.13489084947895,108.52276953444516,2.745608043839057e-05,0.17027090923918559
87,39.085724757303566,21.312147440328037,460.84864126597915,100.13676863640966,0.0003961833901497896,0.17461243897154544
88,40.182121090378985,23.646273965464843,481.6874512665722,109.67477198881048,0.00018309275544132797,0.0857459752767395
89,39.55338442725621,22.13728429662329,464.81411740880543,102.42621548807887,0.00035423688620853403,0.16787668801183875
90,37.355289130928305,18.92886197802503,438.63489098483154,97.8537590658565,0.000359224984350478,0.12766468885666882
91,45.52922191170295,28.30589901105085,401.92669773407073,102.3012259205671,0.0007112930280712986,0.15131876084312335
92,38.984169055053165,20.81156698022272,416.68228362871804,97.11783297841927,0.0004883946416708094,0.11279789103360502
93,33.93680910178397,13.300715856382526,426.2444560998006,92.7564579831847,0.00027421855268556464,0.08777219576132676
94,45.56620628395707,27.536851780993107,462.0086239415534,95.99438640164136,0.0009632468918121724,0.03789325826903546
95,43.05862908308455,25.994265883265495,484.4033860769238,103.31776062868963,0.0005294835453711216,0.07572488502532192
96,36.073337654216516,16.855187340671243,427.8576360682434,94.85512423923386,0.00036866053543906747,0.0355955721875965
97,38.810636961752905,20.117287732057882,477.09656937952525,93.32068626832391,0.0006134735251660376,0.17449694434412233
98,49.64101330263515,32.79373838291814,442.0118727847725,108.1071974855574,0.000739671561055463,0.0863416561854788
99,44.557818649248816,26.83813084052213,444.1853475490725,98.25522258532052,0.0008023545268049351,0.1439963019054118
100,32.82929908229014,10.926922176929898,425.4679645918953,92.89110911612345,0.00015878139285347976,0.10279117950675837
101,37.12174480631142,19.534061476559778,492.7672030641623,107.08271995301008,8.080429213645996e-05,0.019404402163796672
102,31.927501165059926,7.087859117588498,488.01052257576134,91.50825214387741,3.567318476943571e-05,0.1524716452429286
103,33.36088543609118,12.097126104508982,416.6860201698753,98.61058676924415,2.1121948585859686e-05,0.0600622990582579
104,39.34665128232698,21.70277276563309,412.41116421828093,100.83691576752585,0.0003902457519481621,0.17840410213596888
105,49.55646912609096,32.00135854964919,457.48826904031677,102.01229564911817,0.0009699207465425844,0.1842950628427017
106,38.11598449466427,20.131359885774845,489.4199354325043,99.9560813713169,0.0003417830629543569,0.06126445120924486
107,36.99868975184155,18.94492066414855,462.48256485629906,102.06986192086757,0.00021119312418365146,0.03989381623017542
108,36.635691495035125,18.512768655213875,429.4872072632472,102.86019654924795,0.00016624542366985715,0.18533110004302156
109,35.978138901081856,16.928147613385104,481.5006967619389,96.67461309178387,0.0003032688170859112,0.06610728073864824
110,33.263221924667974,11.943680538381727,469.47221524290694,92.4007671068133,0.00022326416224181073,0.12745144715780735
111,36.50750805907707,18.607746058311772,464.6617867616033,107.00306568387221,4.451747706959899e-05,0.07956532660640867
112,41.7305552752837,23.363965897424432,498.11778367622946,93.80215299567455,0.000792595323693267,0.18250077081812768
113,38.05236602494596,19.874537606649703,467.2796385545321,98.51345408201612,0.0003826795574680881,0.15963432631316807
114,39.16578439305134,20.153062166390598,457.5313177029056,90.95282514873013,0.0007267494974189725,0.14490403105448385
115,41.43856401865606,24.163139382342116,426.5326137555467,102.03107758599648,0.0004772239187184444,0.11767408771849147
116,34.80275920440511,15.417854427435849,416.9765642475118,100.68581103787352,9.845448565936953e-05,0.17393734048660842
117,39.35451613728972,22.27022074321145,498.20495370159625,105.6972364591776,0.00024758677996171083,0.13404201602217658
118,31.76151978024142,5.9979974959137055,450.1908605349436,90.04037035496468,3.758439009371472e-05,0.17497123558684166
119,36.640807788235016,18.348136666761103,468.2630438766669,101.11253839046788,0.0002153451660381712,0.08016747426307214
120,37.294430329946955,18.994303838556966,478.6522382390847,99.02565996994294,0.0003192230659355742,0.1908126835037439
121,41.817868052673795,25.222573342435396,474.5196566929212,107.63324964665425,0.00032632762616587865,0.17497123558684166
122,32.311908692054054,8.681032720151512,437.3335829510812,94.3507747715293,9.979766679672677e-06,0.18862741864233418
123,33.36948564986989,12.289872480435042,407.17373707159925,96.28617816489512,0.00010332879304140953,0.08091581971205444
124,31.860495085053564,6.771703439053511,440.66971118923396,90.90269085926535,4.2318637439759245e-05,0.07695278066544081
125,41.22776485469416,23.146679709241965,492.7626881538339,95.99562897886683,0.0006742591677476571,0.12559181690689142
126,42.58938561699516,24.20996105841122,432.63796956667306,93.49839230337042,0.0008636415576551948,0.0309120239982119
127,39.774407984585366,20.703555575632375,404.4118898923464,90.13471199792667,0.0008026405097126172,0.07826034543888699
128,39.293925486851364,20.871883236723832,465.5069626936133,94.72202695972126,0.0005948357786371301,0.10604666447407415
129,36.41030367688357,18.21497149551301,462.11230170328383,103.23334519258378,0.000141224402149606,0.1509098452541425
130,38.113916963335846,20.40537164727656,447.5089459806087,102.30507306564829,0.00027212866379417485,0.014823407575465533
131,38.092521695420366,19.414665624523717,458.8891368088332,94.39994044605449,0.0005247361129257945,0.19637455548637361
132,40.659835476449935,22.505831671057223,440.9070800125411,95.72628457755228,0.0006475168173268982,0.07053358535516292
133,40.71120078339492,23.527846284233757,469.57844360882103,103.14145587644076,0.00040042425168874946,0.029846358439028775
134,36.65971346884814,17.190297421104745,413.9477434864241,91.57556206804391,0.0005223291982262652,0.055363546047417014
135,36.955978111201794,18.845283134577368,447.01023723739667,101.66438364866313,0.00022025910922041775,0.1999749502796218
136,40.394725779084794,23.17716623749272,437.25019292811044,103.13710724907153,0.0003822528697252064,0.12767525628601317
137,33.46334776437158,12.517060252751175,452.5923187516346,95.42984005085422,0.00014216655772255097,0.19739418381812232
138,37.55562746364195,20.039429713657338,409.5806176888208,105.81041020543347,0.00014110845291375699,0.050489893764765835
139,36.225347056481645,17.64715465598675,447.01023723739667,100.00277753966316,0.00022025910922041775,0.1999749502796218
140,33.0664061356457,10.918920927272673,446.28710817413264,96.81917142871117,3.0334833323160772e-05,0.09480304570588474
141,51.11321290548337,33.89172143934291,429.44225457826946,106.3055266218112,0.0008944044942441186,0.17246462576241134
142,32.95672461307572,11.093929028859606,494.1526295889379,96.31716896756325,5.045418999563724e-05,0.10349035298265612
143,34.60885456537207,14.726079383685457,475.62537914224345,99.08367325473412,0.0001221896797938805,0.13861290653908231
144,32.65778578697714,10.45047957156783,487.19130612805054,92.08791641115842,0.00016558976519939387,0.10523206274728539
145,37.50888112877756,20.041371082077667,443.9855639713835,106.63237008665087,0.00011587166754513823,0.12645406976277634
146,41.994248392171386,25.5073122462618,447.98947204258064,108.52276953444516,0.00030984153860592954,0.18853972500484276
147,41.41422444812025,24.446593061470917,457.93691958030786,104.57312568473205,0.0003961833901497896,0.06991911122056232
148,44.47899683279404,27.501279302962352,468.72315330253724,104.01451042568527,0.0005890205019608206,0.05862971886786304
149,34.99194670733775,15.838197318470808,447.5089459806087,102.42621548807887,6.341290941821548e-05,0.12030520504204663
150,38.45524477365841,20.284519608350795,444.84594412321013,97.8537590658565,0.00043008034340160376,0.01935197376274471
151,31.87339048882963,6.557702347207061,460.78059375530955,91.23372295222538,2.2003671532377217e-05,0.159714325382277
152,39.415943497832956,20.754699203606325,416.68228362871804,92.94118701044194,0.0006695846982486361,0.16864089449453445
153,34.801852061889534,15.028349957974934,490.80110338106647,95.50116091392701,0.00025504898732379945,0.08777219576132676
154,39.71603592436656,20.84382698891688,470.06795856925794,91.35811748562823,0.0007502610438265214,0.12465695150909553
155,36.83456874672851,18.852405438593117,484.4033860769238,103.4913215763427,0.00016140472237131877,0.04563012108600033
156,44.34718145922937,27.53001047894156,423.51957306486855,105.29548672501241,0.0005391531599089879,0.13504270758216363
157,35.4134766471739,16.64532132898202,439.60112731457764,103.92159723134078,5.3165108655052224e-05,0.1287143518912539
158,37.394843673286594,19.941967377307808,477.1465580366974,107.45251770971792,8.711020235214448e-05,0.16237146457647086
159,44.97750885178598,27.334600772154136,444.1853475490725,98.93452937405281,0.0008023545268049351,0.17079649877680597
160,39.17389550406142,22.352164119085106,471.29434122525635,108.57193763061277,0.00015878139285347976,0.10279117950675837
161,50.85764325789408,33.714314812952836,443.8785615392108,106.72831193159713,0.0008624897594086791,0.019404402163796672
162,35.86945862567664,16.806444562573905,488.01052257576134,97.02126331097912,0.00028460109770429864,0.1082697912617706
163,32.01411231767889,7.385846734294576,430.51121399443826,92.31502148392067,2.1509974300837776e-05,0.18939967928576046
164,39.77445842209788,23.160541355730523,471.76761577934997,109.53235274630018,0.0001655147548650767,0.18234114717117422
165,47.929035164378,30.212940244369978,457.48826904031677,99.5092721233824,0.0009699207465425844,0.1538162552748739
166,32.37905878865081,9.609870178435203,404.7058379460019,90.38896100736162,0.0001885293294063055,0.19975520349142092
167,31.97906873268334,6.97658781499253,462.48256485629906,92.25256172970833,6.1848164570739396e-06,0.03989381623017542
168,39.93460193827932,22.298257623629524,464.82975272988017,100.22187642944796,0.00044551836897534664,0.18705545026538178
169,34.73933610451043,14.760704071916324,470.30496278222824,93.84014410265878,0.0003032688170859112,0.14311024795483973
170,38.906607067400046,21.72135817202119,450.48793145736727,105.55434978145101,0.0002258404063837597,0.12745144715780735
171,33.90453559854292,13.533979560849065,420.36927970651465,99.83213951884538,4.451747706959899e-05,0.16098899618518112
172,32.38740309361946,9.403408558428426,460.47473415729576,93.46983214177044,7.055409371536746e-05,0.07607865657928858
173,34.038939719832975,13.767236112352718,467.16602309978987,96.67804943053108,0.00015605157594211669,0.13157596776330996
174,32.94750728883835,11.169812801946597,437.0291243066281,91.41582872022349,0.00022341118101207753,0.17052187288313492
175,37.27857091638438,18.348985591782057,494.7299999420067,94.11242975398682,0.0004772239187184444,0.1265998056684613
176,35.232053432074125,16.172623209972674,416.9765642475118,100.68581103787352,0.0001314260316919967,0.09172711909839701
177,36.10818538319237,17.90654133860252,498.20495370159625,105.6972364591776,5.365880588659161e-05,0.14379843118718946
178,34.66826174142751,14.877767808845801,488.19755551406075,96.30316070762447,0.00021946717650472912,0.17727280428735498
179,36.34885690381647,17.938680122622575,431.65856776734995,101.11253839046788,0.00019673634918149013,0.14364054231446569
180,34.754876934485225,15.066180327863455,478.6522382390847,96.91273680749612,0.00020679846924646802,0.18576226572494048
181,45.95942197229525,28.022613699560853,426.6489156283566,96.83349147636908,0.0009533164188845883,0.16829253733601013
182,47.531140505944954,30.067312200778925,409.16893217102694,101.26630457644184,0.0008736781608827142,0.18862741864233418
183,40.528799144435915,22.23077964504947,479.3870872371934,94.71959600344866,0.0006770915661120756,0.17773586530983893
184,32.191110586479866,8.933898910665528,437.1085506851247,90.90269085926535,0.00013895095763203128,0.06269082322259881
185,42.331520291604996,25.15120459923824,461.08066495085154,102.55168135164769,0.0005119391187432971,0.12559181690689142
186,31.81308225497754,6.460738092649091,475.95942109169727,90.50650212044536,4.210863216416396e-05,0.17905874907915065
187,40.739698706283946,23.085879443550184,404.4118898923464,99.45981187396305,0.0005196855114653458,0.08483553204508323
188,33.565163244446445,12.726912954663055,472.84224872994383,94.72202695972126,0.00017602069261662528,0.11561961975180456
189,50.04779873746844,32.714796976063894,484.84822099337396,104.3366425587271,0.0009060191650252921,0.15296793611811868
190,38.8368887581186,21.962639266025366,479.21608429726,108.81380375446463,0.00013399487505900347,0.1103520329942294
191,39.24678812255914,20.294593525727343,442.0427529246651,91.24959522715642,0.000721224746274449,0.05377506358776724
192,31.900844998307107,6.392880730203163,406.38740440133404,91.44583611552375,9.97022476528363e-06,0.026105569341003318
193,37.22549994490987,18.61614257029108,469.57844360882103,96.72787446805819,0.0003860308791061564,0.17274025481912483
194,31.866562375128098,6.77660757400689,410.2734545196956,90.98296780690355,3.983338015323162e-05,0.14232939902613687
195,33.29570518896782,12.09888467840201,454.9326365186015,96.14069212922442,9.982457385308813e-05,0.1999749502796218
196,37.06569726372015,17.815802209237205,495.62657523016543,92.25290734917253,0.0005275800948457279,0.13453283590372564
197,32.47501882769301,9.701862436585483,472.9900337972746,93.887507428118,6.967515203998818e-05,0.02703392393477902
198,33.16956224450984,11.671814747820314,414.6164597517443,97.10869844682452,4.98655266296023e-05,0.050489893764765835
199,33.39507268253048,12.256349865853652,485.98833986595764,92.87934386679534,0.00022025910922041775,0.020395693218391603
200,32.093425666842364,7.936691810614153,437.0293066441318,92.65885016772701,3.3677374561855026e-05,0.18479997276807142
201,33.771289356866646,13.143879969436972,498.80128727073475,94.59432567366463,0.0001995724163243228,0.16676999412272359
202,36.10670954292746,17.909367591378935,494.1526295889379,105.8113510538231,5.045418999563724e-05,0.14559864166063352
203,32.44025944635133,9.336763584482108,460.12221514715935,94.6644669195838,2.8081480035385036e-05,0.12543358110041292
204,32.00141994886291,7.453475680643601,478.1639339458989,92.08791641115842,3.203885149269414e-05,0.10523206274728539
205,32.0037392936584,7.8364611670928435,489.89801486034935,91.49518964575275,6.892622525287882e-05,0.12645406976277634
206,37.802474938260225,19.21554046050798,439.01198128876496,95.65334721082318,0.0004608692744009167,0.17027090923918559
207,34.3333187941031,13.640820551000795,441.71904864281123,90.0788632463802,0.0003961833901497896,0.029180059510847733
208,38.71419371509712,21.889203785139635,468.90692141938774,109.67477198881048,0.00010527545321115534,0.05862971886786304
209,37.00204242293648,19.487440023192683,465.8201765263501,109.66039996152716,5.494193365822796e-06,0.12030520504204663
210,38.57947942843442,19.98171935696249,426.9815642322536,94.25298928836759,0.0005637535645888132,0.1372942855783648
211,32.84197189124792,10.630555868046889,494.7033024760859,96.58642554965009,2.2003671532377217e-05,0.018018089030446716
212,32.99163982601517,11.169136364970724,428.1523281728653,90.17060008766622,0.0002702191477330914,0.11360679435464235
213,32.30008289848131,9.305063913335328,463.9262883181363,91.50285906355174,0.00013420329212392385,0.06922369106542739
214,32.06222613723853,8.07961869158348,470.06795856925794,91.88321433355415,6.628191687138731e-05,0.12465695150909553
215,38.11693070859457,20.85049044477715,484.4033860769238,106.71870980033016,0.00014863406694466934,0.19916387402421615
216,37.69269822881352,19.40008686108929,461.07512748094837,98.24193137416229,0.00036866053543906747,0.16548579065901922
217,35.4134766471739,16.64532132898202,460.86620807640287,103.92159723134078,5.3165108655052224e-05,0.10835789851976575
218,32.436343144631984,9.642272677357598,472.0364398832735,93.29302149963412,8.711020235214448e-05,0.15166363236441202
219,36.25321520877467,18.11747363010875,472.5502905045427,105.24065442078103,7.604194306596278e-05,0.13127578843146798
220,32.709575024049435,10.422133592170304,458.520215193728,94.94412147477753,6.590249362613504e-05,0.1521912973913547
221,43.39442446402655,24.773350066885484,446.98750150289493,91.80264734363293,0.0009907125679105464,0.05704724656319653
222,33.585715252937035,12.759407190903405,473.231258009302,98.42237808868163,5.514511044170563e-05,0.13268114752971025
223,32.36576603692714,9.0033059235746,431.9152247974944,94.42295220221386,2.1509974300837776e-05,0.15571418140538745
224,33.07716977260689,11.565949764467758,449.1610009629087,93.2784052409389,0.0001740958734837313,0.17840410213596888
225,34.52796367021065,14.909570150025058,427.20894248414925,101.84976702119052,4.130869375912295e-05,0.1538162552748739
226,43.878939931239316,25.797527763459307,457.12957214851957,95.39345625837953,0.0008744146797819243,0.19975520349142092
227,33.599990162107815,12.690924653944963,468.9684268047447,100.10223780638684,9.031553448875761e-07,0.11106338570931022
228,37.60439859107896,19.798982475531083,405.85395505884367,102.5781028984723,0.0002342064851204059,0.1860307204689055
229,42.138612007496825,23.796597651426218,451.5721256982994,93.89587605287853,0.0008160336862685661,0.1624865421488093
230,35.11765313851762,16.1072208143998,438.78817666722824,104.66803698669811,9.194854445934058e-06,0.13399173917293988
231,39.974154211839455,23.05941740125403,430.6373350558136,106.31331081629267,0.00026461331472292613,0.19474013804702528
232,32.87396547094285,10.856419355633358,454.06804368178194,95.973443147751,5.122442621496273e-05,0.16407214742046475
233,33.700340416414576,13.05854129160543,491.97728750643444,98.94632562965121,5.123283781757228e-05,0.13157596776330996
234,35.6580327383461,15.81778942370793,437.9618736368842,91.41582872022349,0.0004544832784726237,0.16460586766544028
235,34.56271348123571,14.98262958775464,466.26191787881527,101.94072534410083,4.1693706421331894e-05,0.18776891677163215
236,35.53568435298983,16.670672142115073,408.40430901662495,100.68581103787352,0.00015353486332295895,0.1932248577153593
237,36.17596905765613,18.03397702778332,470.0212265773047,106.0609104935176,4.8350124162462385e-05,0.18733194404652256
238,32.906538002215754,10.706064550990034,435.00662875870654,97.37389790840669,3.868530657164882e-07,0.18260383037000405
239,41.40776231933321,24.014666339116207,431.65856776734995,101.11253839046788,0.000504875310220492,0.16941580483337135
240,41.97010525029127,24.03667262448892,478.6522382390847,96.91273680749612,0.0006865746055004921,0.19357407295253143
241,35.067877910415916,15.996611210934768,450.1908605349436,103.14637650312545,4.8747927730555544e-05,0.18778868335459203
242,43.005116579636315,24.765134030605612,466.6874119884624,94.3507747715293,0.0008578893273570547,0.1736540667068417
243,32.09506267207348,8.451345929628127,422.67389534999296,91.2941629146074,0.00010332879304140953,0.19333909402785648
244,32.69110148950088,10.492968664529053,471.60228684021484,90.56809389603907,0.0002230985581573447,0.14610735174607653
245,33.638013485379766,12.917305275937572,442.4270751246999,95.99562897886683,0.00014100581754549038,0.030991889313932333
246,31.798150789525,5.957805967552273,400.94392762164955,90.50650212044536,2.0295768610526822e-05,0.19943218976538052
247,35.08174341972946,15.892475241779001,460.4891876429974,100.43916964141059,0.000126793287405943,0.12360312015981895
248,35.628820921621035,17.035160701311785,472.84224872994383,104.2225903600618,6.067806070678692e-05,0.11561961975180456
249,32.81596271762713,10.544800918889448,439.7655675462692,96.50937616440278,2.0799689598850085e-05,0.1527601833766424
250,34.15343020518329,14.012139609507686,443.8083026674988,97.27196568474628,0.00014695785523649314,0.10445922501774563
251,36.11119958192157,17.954155671917338,458.8891368088332,106.86355841305681,2.1928060041746583e-05,0.19870698223919614
252,34.192021583915945,13.587197296505641,440.03762689104246,91.44583611552375,0.0003386439328045917,0.1861613157368981
253,33.450797148762035,12.390423197572332,464.2120372920781,98.35939087173054,4.133070175620302e-05,0.18915341516443374
254,32.48695653629833,9.948500251074952,461.0109839359693,90.98296780690355,0.0001823360012430359,0.14085437697137598
255,33.29570518896782,12.09888467840201,429.78048186367687,96.14069212922442,9.982457385308813e-05,0.15834924183944052
256,46.833993448667194,29.604777855167676,424.66410181563265,102.82786497446634,0.0007701315217976274,0.17151027413878267
257,32.40641537070723,9.445548651559989,468.9644510293267,93.68242515410923,6.528626596778378e-05,0.0557193041727822
258,31.999598456826934,7.425970736471492,404.31569345243634,92.09686660950544,3.0555157423409684e-05,0.19072394480312538
259,36.26533149478638,17.71422476806735,436.90628137165186,100.09508647131084,0.00022025910922041775,0.1417531415362736
260,31.767946264975283,6.054007561338963,477.8519312429093,90.1047957816082,3.7857093066156534e-05,0.19901977378128943
261,35.99889899100613,17.724369023868174,406.6032829274257,105.64791617288918,4.757912266732271e-05,0.11084261445374705
262,33.239877853371716,11.758387871337192,472.4164848687188,90.79215633337347,0.00027479098963153527,0.12045141607408616
263,32.41560836183418,9.723987290541977,460.12221514715935,91.35647667468544,0.0001585442442826258,0.14805129550702614
264,41.47902287090908,23.66087063738944,478.1639339458989,97.98218599114853,0.0006154011393084851,0.10523206274728539
265,31.79742447245355,6.716965967728335,447.54162371040144,90.04670974567243,6.892622525287882e-05,0.12645406976277634
266,32.16196430389615,8.013885392755808,458.369734422863,93.4916796935272,9.477015162859606e-06,0.17027090923918559
267,34.266321720235815,14.333112298178499,472.9869719882654,99.4308025317633,9.116089113911531e-05,0.17813502550476595
268,33.414443500323095,12.219829076497094,486.0107150994327,99.07497114982021,1.2200886830290977e-05,0.05862971886786304
269,37.89869977160102,20.69807332738531,444.2668014655779,108.28889364112416,9.46733616070964e-05,0.15271797635077378
270,36.90717085067659,19.256087186878574,453.96105026186035,107.69748247566918,5.1327205819305004e-05,0.17360108893550885
271,32.52985573293206,9.729014928446833,460.78059375530955,94.82413549256046,3.9816990294456274e-05,0.159714325382277
272,37.16041648280425,18.98237671819163,459.8762935944986,100.38560164790543,0.0002702191477330914,0.11360679435464235
273,34.21316437665361,14.238004330509694,414.8636036720293,100.40039092579048,5.6911559891680366e-05,0.1391959242436447
274,31.93470056911568,7.470284291424046,470.06795856925794,91.09954343250229,6.628191687138731e-05,0.1665090048056324
275,33.54059771441952,12.685172928870623,440.93929728025,95.09044967725796,0.00016140472237131877,0.03054343697064825
276,38.564731148475715,20.67855592488125,445.91694214053064,99.992045911117,0.00036866053543906747,0.0355955721875965
277,36.44046218486204,16.918114848572543,421.4875281828391,91.66983958200325,0.0005032288421577722,0.10835789851976575
278,31.902255062556883,7.196121526521854,446.33932289013484,91.02170292950788,5.681143251420786e-05,0.08686342823819151
279,33.51591170563213,12.520326511757368,473.7164175209923,99.21944104511297,2.049302638592747e-05,0.17570353946850892
280,36.358762990932746,18.331872467158167,458.520215193728,106.15863689125439,5.7789337084436466e-05,0.0509357729946192
281,33.118236393037094,11.427366893632788,447.49505670458785,97.71913737294726,2.0168656184379335e-05,0.19002954861404742
282,32.754335870601714,10.69878175123609,488.01052257576134,93.70587291896436,0.00012003196860127806,0.11387026979686628
283,32.41613276765932,9.196571004648662,430.51121399443826,94.68088724017353,2.1509974300837776e-05,0.12270531195770087
284,32.56158670313364,9.937496673546098,464.66575012534423,94.52198387253384,5.880576584615753e-05,0.06722902211523625
285,32.20658796600658,9.001619389662693,464.6427464784188,90.81058938905403,0.00014531731102016964,0.16172277390359657
286,32.72310368533883,10.561691620619946,460.5441930983558,94.24702798121513,9.544076201534088e-05,0.18054135857694786
287,32.34637882733987,9.497139720842389,462.48256485629906,91.10435253500812,0.00015730504127402142,0.09622267918521929
288,31.82520485105762,6.210955869229477,436.8983656952858,90.77369916514382,2.2338280659549043e-05,0.17657243233576514
289,33.36804639477282,12.171784493187515,450.4579026427826,92.50696028382286,0.00023000122254794722,0.14311024795483973
290,33.13430019465631,11.705151826519705,445.67011960074103,95.16248122428924,0.00011505319041725764,0.12745144715780735
291,32.42955088142627,9.731329355635214,476.13121680290783,92.16071360846698,0.0001302646284507906,0.06151600436783512
292,31.8678353197457,7.154844465048968,460.47473415729576,90.56756194214137,7.055409371536746e-05,0.07607865657928858
293,33.700340416414576,13.05854129160543,473.6476492287318,98.94632562965121,5.123283781757228e-05,0.10503987982585551
294,32.93008614353546,10.972926252314988,437.0291243066281,96.51732824146742,3.883056900865471e-05,0.18111742810209114
295,32.905090456301856,10.911759911199931,477.6088534848547,96.34600220325827,4.1693706421331894e-05,0.015849448083541856
296,33.14443894514109,11.553118702739804,455.79478023854256,90.73784328613239,0.00026706167317841993,0.17393734048660842
297,36.517356764814636,18.554175746277153,437.4444941096913,105.6972364591776,8.079764621431591e-05,0.056476407313209784
298,37.847726876626425,19.345275679343988,424.62944094184417,96.27470517689308,0.00044258958073543534,0.11767378209745344
299,32.48991153744508,9.922289073266183,463.0538772001641,92.43756898576451,0.000129182763546941,0.10914576542381249
300,33.03547158220822,11.272902553668104,475.65724929967433,96.91273680749612,3.903109344061492e-05,0.158779758234929
301,31.75880578758216,5.661637784927839,450.51880912348236,90.04037035496468,2.301715373820095e-05,0.12915629487161234
302,34.944579510877595,15.620665146369777,499.3209292049413,99.76881613427,0.00013640117176261403,0.18862741864233418
303,32.12895851535527,8.305256642391516,431.8328090940529,92.445774423612,5.6708828086545285e-05,0.19333909402785648
304,49.50501226129177,32.04064443541386,455.2446582495205,102.71749054662014,0.0009377530777584681,0.07695278066544081
305,31.769672011089007,6.019064603775563,455.2684005116247,90.14007007581489,3.515817120237327e-05,0.030991889313932333
306,41.511179406660666,23.550496292409,455.6956129860735,96.81926658594101,0.0006611182662275972,0.19943218976538052
307,32.635550395552336,10.348214014819586,450.9597720588214,90.5411415967298,0.0002172891663507176,0.1113342418295887
308,32.500931312218036,9.62253514749155,480.74838188014303,94.72202695972126,3.854427146619241e-05,0.11561961975180456
309,40.2029872841779,22.11102011742332,439.7655675462692,96.50937616440278,0.0005886893856470417,0.1578951667271102
310,32.39597272091981,9.579105076145378,456.72634065956953,92.5121181702001,0.00011109809774878158,0.10445922501774563
311,48.9193041694829,32.002673386647274,467.5026076110167,106.86355841305681,0.0007433794215964507,0.16228085931633351
312,31.907024154626225,6.86868336584966,447.26410558994564,91.44583611552375,2.832532922267001e-05,0.14210299125980796
313,33.55370416999317,12.675784870251817,435.66718172166384,98.35939087173054,5.35202176076933e-05,0.18915341516443374
314,32.14638814088661,8.245414073672007,471.2139262209299,92.87273252361794,3.983338015323162e-05,0.12744900061466305
315,45.52463516765584,27.515850577388353,485.26659674802045,96.14069212922442,0.0009541557152880306,0.16211184186419714
316,34.60202544124456,14.637793258734463,462.52741118703136,94.68032485417012,0.000266185803571404,0.11592137639202386
317,41.169381914974394,22.331864805969136,457.3010328375679,90.86835788486059,0.0008721469877120151,0.19739418381812232
318,34.912423766795136,14.82337491107404,451.89552578014957,92.09686660950544,0.00037475154142517747,0.18428857290180417
319,41.34875121497067,22.491742261566145,497.0043575784012,90.7053197325257,0.0008912295498020264,0.05534658459842078
320,31.767946264975283,6.054007561338963,427.7469269856277,90.1047957816082,3.7857093066156534e-05,0.19901977378128943
321,32.251364402265,8.630865975583228,487.8800958085926,93.59998940611254,3.2348225985798945e-05,0.18857814279477808
322,37.370637673880815,18.88323434864784,466.00143213162454,97.36042938878451,0.00037558949842104983,0.1721048035936007
323,35.67570652315685,15.83357513697768,401.5716583019288,91.35647667468544,0.000457835804722806,0.013349473470289017
324,41.48667288461414,22.679824400309382,447.498201958586,90.98970027107741,0.000889226704436828,0.10523206274728539
325,39.99881243777934,20.938155748511825,486.37616303620143,90.04670974567243,0.0008224224875939673,0.12645406976277634
326,32.59030723450523,10.184694147649813,437.8606943918366,93.4916796935272,0.00010439731034222322,0.17027090923918559
327,45.08884058181246,27.275763621664666,447.05674281631144,97.60014728481504,0.0008633036515416095,0.16186532856839947
328,34.81524263856491,15.500895640601174,449.1905101307801,103.69197977420585,1.2200886830290977e-05,0.11645131436342487
329,35.519438816685486,16.165275536456935,474.0720505473751,95.79223216208077,0.00029864671494072794,0.12030520504204663
330,33.9324481810334,13.581695709204162,489.61977982793957,97.8537590658565,0.00010878750009795187,0.05374579499253211
331,33.35531024936486,12.259565566413173,442.4737688362184,95.82916835315794,0.00011727265228214098,0.11332742738803386
332,32.99163982601517,11.169136364970724,475.2236597137125,90.17060008766622,0.0002702191477330914,0.12939115006307245
333,41.73520281733339,23.227251861775077,476.17238650366244,92.87765719387332,0.0008294908435142359,0.10507257156718368
334,31.805053348812386,6.732233799225138,473.70882049351707,90.14415673972083,6.628191687138731e-05,0.1316167687164706
335,31.87735792586934,6.335556150616013,436.58504345424075,91.36150352237489,8.250853234810182e-06,0.09438739842182274
336,45.02591622375207,26.85950006265781,425.2999740511847,94.85512423923386,0.0009756233948589508,0.17867201999154997
337,38.220653633022586,21.1695656688863,464.16245550239006,108.75633930465123,0.00010122622259262212,0.10835789851976575
338,32.39391909996468,9.356030634287986,439.8828086625587,93.81829220285347,5.681143251420786e-05,0.08686342823819151
339,31.87372888518576,6.147016725744163,432.51512464136243,91.35828941274606,3.382496426712362e-07,0.15338851897510147
340,34.0957323792985,13.96710067021832,410.9693570537109,100.86236610394518,3.136964468047161e-05,0.03564462482487338
341,31.869988930614063,6.501381741029032,422.7709550411197,91.2160847783719,2.0168656184379335e-05,0.0901616331375798
342,31.84689864039462,6.20292301816241,420.0640374960651,91.04076458978813,1.3162559397752343e-05,0.1476799540108848
343,32.052267046194714,7.6783525314263,407.919536181029,92.48430622565105,2.8447592755999687e-05,0.12290624669844682
344,37.10182387104748,19.554097018614012,414.5496644931364,107.86683283655216,5.880576584615753e-05,0.03465511770595048
345,31.8242351451411,5.958193753537052,425.00070090422105,90.81058938905403,1.0274109082453252e-05,0.1843922488962671
346,31.96946233989974,7.682339430115911,404.7058379460019,91.25712122608846,7.028634618367339e-05,0.11401050125054835
347,33.545241938763056,12.63666686957684,462.48256485629906,93.80243395936274,0.00020426555406824698,0.07070205516334217
348,32.59261702695047,9.825362888923056,459.39350655414296,95.49293679763774,2.2338280659549043e-05,0.12571668032558345
349,35.58218847276988,16.975500083617437,411.47147329302805,104.89281592690412,3.84916913622354e-05,0.15401531622683695
350,32.51486461274798,9.553075079470581,420.3987764918109,95.16248122428924,2.1306084594493752e-05,0.14830654937766127
351,34.95524243494638,14.894540926227233,476.13121680290783,92.16071360846698,0.00037572788133517895,0.0709525454256252
352,35.26103494383818,15.741126013034748,443.08699235780455,95.42921326041981,0.00029165947884216643,0.1809897185223669
353,38.51695453694889,20.09135569379036,418.3029996378575,95.6577214413711,0.0005095137607775661,0.12537701706579218
354,31.910834364073178,6.820922616910642,481.79851468731806,91.52787271489551,2.3430737638293557e-05,0.1588458146532981
355,41.95239771546409,23.945247174516673,477.6088534848547,96.34600220325827,0.0007072710186737292,0.015849448083541856
356,33.34314398470832,12.019685846536923,472.1875811117827,91.31611855122658,0.00026706167317841993,0.022215646858295107
357,34.30891844887368,14.444164143816947,470.8598159626568,100.56231013875738,6.064307452478888e-05,0.14085977130945881
358,31.758007040339617,5.684588470299358,470.19485009805055,90.03287252491322,2.426008552010615e-05,0.0575373678286932
359,32.31050364410173,9.135902692435414,466.72676803734817,93.05366464969904,7.279216154309039e-05,0.0542713406177942
360,32.683623659174735,10.11804835036014,421.62554734006375,96.30374580307928,8.866321590832366e-06,0.03621050448051141
361,34.99537034770279,15.863895272886612,470.19485009805055,103.79575982820612,2.426008552010615e-05,0.023247996686483738
362,35.28359825644922,15.550644451518403,446.3192272869554,93.43669113833832,0.00035814750825482664,0.08789168234720635
363,34.957163270754585,15.786525771414624,474.12304965584224,104.27884159653507,7.136842749231437e-06,0.19333909402785648
364,36.52441979123074,18.64129561166949,440.66971118923396,107.13168888454915,4.2318637439759245e-05,0.1733254178043952
365,36.169239962111746,16.876917894756833,419.090682879184,93.91735302305563,0.00040716565492405815,0.033811092919247845
366,31.799074696059087,6.0363591710609,434.1065343441008,90.50650212044536,2.367692531721926e-05,0.01028224420132555
367,33.324422222911444,12.099022263027575,425.0829760084968,92.76069494898921,0.0002172891663507176,0.1113342418295887
368,33.08881285612472,11.42477881312932,488.3053611675191,97.07275726280221,4.042975096177619e-05,0.1690660010578945
369,32.81596271762713,10.544800918889448,428.87463270149067,96.50937616440278,2.0799689598850085e-05,0.1527601833766424
370,32.39597272091981,9.579105076145378,467.1693881518646,92.5121181702001,0.00011109809774878158,0.09938592128538039
371,39.557153241518,20.569819650638625,452.9823173678546,90.78548237734766,0.0007612716683539307,0.055085420634942074
372,36.142422029313465,17.666527004515423,457.34421268890577,101.46573315214168,0.000172853108605911,0.026105569341003318
373,33.450797148762035,12.390423197572332,496.8968130321996,98.35939087173054,4.133070175620302e-05,0.18915341516443374
374,43.142118177169,24.82701884567426,449.9585141887811,93.78551206601702,0.0008905025968454251,0.06658508558552662
375,32.787740775160756,10.503359034126792,468.62332800964475,96.18310793905091,2.937813435732869e-05,0.15834924183944052
376,33.524155796523154,12.42911377595453,462.52741118703136,91.86396567822212,0.000266185803571404,0.15034579017674682
377,31.92654485534639,7.727146569226155,461.0493000607045,90.35146738834817,0.00010378282439474362,0.19739418381812232
378,35.46102952420755,16.75731200094113,413.01322971800755,104.855816694994,3.0555157423409684e-05,0.1139292115643189
379,36.440884708580555,17.508522900298477,485.98833986595764,96.06554430326496,0.00035509541126842344,0.06283848320895558
380,38.23833059100459,19.45500934185869,452.8857495487573,93.4203339871726,0.0005699041267431457,0.07131069118985639
381,31.827138493855884,6.403703869734613,457.42440941895444,90.72043692896764,3.2348225985798945e-05,0.18857814279477808
382,32.107950263283506,8.167525072822647,456.65312379388143,92.45941617059253,5.045418999563724e-05,0.08596818314371305
383,33.43449297934043,12.298153432330034,409.76099982297075,92.38502475093752,0.00024044632323034555,0.14805129550702614
384,33.377211187344145,12.30506615248982,478.1639339458989,96.23977606137126,0.00010562804835068611,0.10523206274728539
385,31.79742447245355,6.716965967728335,476.6838240560253,90.04670974567243,6.892622525287882e-05,0.10513762561316056
386,32.274549362117405,8.819291731746487,468.31599628703754,93.4916796935272,4.411055920303759e-05,0.0913012015068733
387,33.973145244953855,13.688492791743089,472.9869719882654,98.5498774398864,9.116089113911531e-05,0.17813502550476595
388,36.633218406176404,17.063949655652777,477.6129329925721,90.95613914787431,0.0005427978366590723,0.08300303020343763
389,31.963690507145298,7.282455613332939,466.2455179213891,91.78562152558298,3.4789121842213966e-05,0.15149933852849473
390,33.52449119624586,12.659554027033249,461.933203997996,96.61665926148807,0.00010878750009795187,0.07562280860188411
391,39.314617486848874,22.40811785530007,455.8630325032172,107.47814477570334,0.00019537096047910363,0.01987882995013221
392,31.832495406683343,7.049428517292172,457.0449734872345,90.17060008766622,7.952790821768153e-05,0.19949957449444372
393,32.27020176069138,8.96947985765444,437.8690663333002,92.91704899524075,7.004797661870269e-05,0.09609445423645095
394,38.48462186524573,20.369076891744346,485.76141272787913,98.26093668748993,0.00041860576706672937,0.01841613188942856
395,32.99499119051938,11.278125410732583,465.46758805722277,91.36150352237489,0.00023045647744662757,0.09438739842182274
396,36.55172322209305,18.53212626323232,443.4959106351217,104.63063820490034,0.0001119738585140227,0.06257026549728319
397,35.06737938090748,15.997152794137515,460.86620807640287,103.24254697708497,4.598650140783672e-05,0.12225153958611881
398,31.892219146951213,6.620308954097511,476.74117784280355,91.43077643780752,1.8156121737673402e-05,0.13005594672375795
399,32.10066145456458,8.633929785166574,469.5775585242415,90.14796563029401,0.00015227965358990486,0.04660218558256441
400,32.551496036840454,9.936719772954238,480.84904087347627,94.30865629255368,6.590249362613504e-05,0.1513953603740027
401,33.058002142134896,11.185746126508407,496.9971875440782,97.86603039758627,5.370069135293611e-06,0.0901616331375798
402,48.40840155231963,31.01041082757198,479.58429670681335,102.41421727471898,0.0008820855967860895,0.12859253000214796
403,36.01101091740824,17.77695698431798,464.33298310305804,106.60233822616246,2.2161687433406403e-05,0.07798376785411756
404,33.60272670828676,12.805867987906904,422.93212412876886,98.3686792015459,5.880576584615753e-05,0.08717277166390736
405,32.515836933365655,9.999045080430639,464.5533990880149,92.62111486843335,0.000126227753953165,0.14616585944540242
406,31.84419291926366,6.548432280593371,404.7058379460019,90.8586879387074,3.399840267810758e-05,0.11401050125054835
407,31.82971082173614,6.489977052284935,463.448007317348,90.70539278543576,3.659565634017497e-05,0.03358519440775337
408,42.66768519830229,25.59138462520386,436.8983656952858,103.31329669885324,0.0005065991895847632,0.046564263144060584
409,34.06870819742734,13.931049852033293,465.3993488617519,99.64950888835665,6.691636384257627e-05,0.09725510435917728
410,32.778758513973614,10.642745813099717,476.3261800532231,95.16248122428924,6.844718648279797e-05,0.08775680431955296
411,31.947071030705118,7.330325583210542,476.13121680290783,91.49248242838206,4.672790311146982e-05,0.10878997354366912
412,42.43184239493055,23.58708358072363,460.47473415729576,90.56756194214137,0.0009737129279288334,0.05999884176859335
413,40.46846229930954,21.613646125885502,471.8043332490273,91.00071620447669,0.0008178742457164089,0.136579064845665
414,32.21146524562201,8.311988485798004,489.8428082806558,93.67691074114424,1.604631212897981e-05,0.1588458146532981
415,32.99561984891009,11.17153959378389,451.2713481592995,96.69357625257685,4.1693706421331894e-05,0.16448253035857707
416,37.67415173910115,18.34616526177173,435.08354487347066,90.73784328613239,0.000626493505342073,0.09999891818467131
417,47.260005234411736,29.8177399531865,448.13081123099016,101.28682335746302,0.0008559760044192831,0.11977096767284227
418,33.564290648945146,12.755350629293169,450.51880912348236,96.64150484362672,0.00011225491243921896,0.07916595040540263
419,34.652616609760805,15.166326260572019,466.72676803734817,101.9741067575169,4.834755234305629e-05,0.0610252801798391
420,41.43832188281746,22.563472530148072,454.9266903851878,90.57318914603582,0.0009029129890538773,0.11094398799503406
421,31.805739068254933,6.094553140861631,465.5382981110202,90.56267364302064,2.426008552010615e-05,0.05265103715505617
422,35.18351977487363,16.158186507429548,485.5806794443426,101.82047976390643,9.546287537713714e-05,0.03605281304165807
423,31.76750056141639,5.684504453567524,461.78603783169103,90.14371719792862,2.0572636994584364e-05,0.19333909402785648
424,34.90013625471855,15.671859532050236,433.5238870984093,102.90211353172784,4.2318637439759245e-05,0.05282670865716006
425,33.11369705049759,11.620862671063211,455.2684005116247,92.53850688555974,0.00020321001436276554,0.046136445531471046
426,32.0968886758269,7.815792290853875,400.94392762164955,92.9062760079458,2.0295768610526822e-05,0.09769050212260984
427,34.41055976403594,14.6539420798322,450.9597720588214,102.23475811684943,1.9250368523183873e-05,0.03922729131912786
428,36.74985434062238,17.36202863873317,470.9503149476246,91.9403130003033,0.0005157365886782655,0.08817461589256413
429,32.02093306932205,7.447185917704435,485.88549556905826,92.33827144351183,2.336670279338575e-05,0.09301649817865194
430,31.817603923541803,6.392487062738598,470.4819839523953,90.60287589595484,3.579429858099583e-05,0.05563961362300929
431,31.983884154227994,7.290664149710168,437.8882379551235,92.04025736737836,2.6622111749593537e-05,0.05837346325588258
432,32.101675705155216,7.8547071227568965,406.38740440133404,92.91482351747956,2.165966394347804e-05,0.12080958171559754
433,33.36306309607743,12.133863862553072,498.9769542902072,98.35939087173054,3.0427820220427302e-05,0.0653679392083755
434,31.849451840169962,6.527334744868397,478.36642310550985,90.9397022717042,3.0376781520494243e-05,0.06914677796003406
435,31.809435697417417,6.221654694970355,452.3861243442734,90.5761047159626,2.937813435732869e-05,0.15834924183944052
436,32.13644912860587,8.103295247529148,451.6977806582531,92.97965516819986,2.9815445277802245e-05,0.01591271472097365
437,32.08011440238315,8.394028646907108,461.0493000607045,91.2086501485042,0.00010378282439474362,0.10086946279761327
438,31.8914446721343,6.395698503610803,479.2355166066264,91.50385695403513,6.131397830948021e-06,0.023710178104926496
439,35.01037099705965,15.495019093957582,485.98833986595764,97.08923240591773,0.00022025910922041775,0.1371342206705389
440,33.904986001358864,13.477908914863729,481.2205962551925,101.03205731968188,5.846004432127623e-06,0.07093649958843937
441,32.16911097613642,7.959264931116601,457.42440941895444,93.65331989410757,1.926714340099193e-06,0.18857814279477808
442,32.20578484068523,8.697559999672901,477.78994360858604,92.66110407047614,6.67028982312483e-05,0.06162355019711678
443,32.41560836183418,9.723987290541977,457.1948679041881,91.35647667468544,0.0001585442442826258,0.07272784908622179
444,32.05382757823552,7.742615636774358,480.04765406203774,92.41175503300873,3.359811835553731e-05,0.017154451968214607
445,31.763250487692137,6.046079916047021,472.73476693693135,90.04670974567243,3.9463323164457866e-05,0.10513762561316056
446,32.17608124398307,8.138203654468953,474.49538022910264,93.4916796935272,1.4737403433332387e-05,0.09763324495883981
447,37.10191390985277,19.604929366110724,491.3305820986127,108.84999859745781,3.279552880907299e-05,0.02814033978399752
448,31.757615667830102,5.6965096850802714,486.0107150994327,90.02897666428208,2.4905910907327736e-05,0.05862971886786304
449,31.827115660146426,6.37937940395154,496.85100143373063,90.73168798279161,3.0917525300830004e-05,0.09905348033589395
450,33.87013156632525,13.431203785909506,461.933203997996,100.2850855812395,2.6319938313695368e-05,0.02211447507665089
451,32.05119807708253,7.528476363424037,482.1926277296192,92.65694201766443,1.630603309365114e-05,0.03227920770985937
452,32.05638737351384,7.6620179257627345,459.00077867043814,92.56157017969758,2.5162181836355503e-05,0.012311985622586313
453,32.27020176069138,8.96947985765444,486.46155799014343,92.91704899524075,7.004797661870269e-05,0.12742617199441608
454,40.87720995100189,21.947984899679792,464.7148375206846,90.38713439949453,0.000871132249950047,0.03279828372146265
455,37.02959682919828,19.51664503935292,455.8221008339458,109.35324551616968,1.5097819402226892e-05,0.08068557600431404
456,43.250426662397615,26.827926854527675,477.72727790287684,108.76825890889518,0.00036866053543906747,0.06973070471836922
457,33.05895437030493,11.289816292337322,460.86620807640287,97.31743406297952,2.6905091692785066e-05,0.07404016549120362
458,31.810872052756427,6.220782425872416,481.64896207579324,90.59416610693505,2.873767012276558e-05,0.13005594672375795
459,31.858898747454386,7.008951279955752,432.51512464136243,90.62676612721174,6.203484374960364e-05,0.09520030195588886
460,32.551496036840454,9.936719772954238,492.81759390662353,94.30865629255368,6.590249362613504e-05,0.048050146180729704
461,32.853078756084436,10.654923062165734,422.7709550411197,96.67683260138685,2.0168656184379335e-05,0.09444414194692488
462,31.858878634519325,6.562284820786027,484.227405744028,91.04076458978813,2.8515064317987575e-05,0.01202224133032874
463,38.092238171973946,19.106917413973843,430.51121399443826,92.31502148392067,0.0005991017565182405,0.07947395902831611
464,32.350262243673896,8.856833007098018,485.8143941847338,94.52198387253384,1.1994526244458472e-05,0.01434945977546416
465,35.614154237773135,15.611035383593679,472.4347930038774,90.45456413421739,0.000484542246480538,0.022728205127838158
466,31.859330422403897,6.535227824178136,475.16888769209476,91.06184621444564,2.664428837931195e-05,0.13478244286626406
467,31.86338852253817,6.433704640606297,463.448007317348,91.1636301871746,1.89969459663831e-05,0.017754450186228968
468,35.3827133799135,16.5954096011335,476.7142218314614,104.10153923858624,4.5781978752342575e-05,0.062231512030309355
469,32.78855592012057,10.520060928022163,462.6365541976258,96.09991036605372,3.2694439193185505e-05,0.02788521359973231
470,33.103042949864864,11.307265427837468,494.16310695037225,98.07376354913328,4.088415906749001e-06,0.12559661324818955
471,31.947071030705118,7.330325583210542,476.13121680290783,91.49248242838206,4.672790311146982e-05,0.0755812355018948
472,32.3678781950329,9.333566962711236,488.5506319383134,93.37833881158014,7.055409371536746e-05,0.053882204327960315
473,37.35689395616943,20.040483781997484,400.56332783813826,109.71332046049014,2.677637496357148e-05,0.012033779628121369
474,34.58556558953656,14.043196523933396,473.76047135080296,90.13608523918899,0.00041495908724401736,0.11084612574242778
475,32.23224529569493,8.514784046474857,489.68792951421875,93.56792612487504,2.8340104723121467e-05,0.18317327850893514
476,32.90535408246063,11.067771027639004,462.182391476669,95.02518326934253,9.159294255243447e-05,0.08124912534174267
477,41.57219018696628,22.628169863416687,470.8598159626568,90.10953246577265,0.0009316033910039526,0.05968866353337841
478,31.77276484503568,5.789829944619531,479.9228853626281,90.19867030759403,2.301715373820095e-05,0.016336246433204665
479,33.768073102798446,13.205286029220122,466.72676803734817,99.36511817641288,4.496454336056334e-05,0.025559611174810037
480,36.81698906806652,19.128126285181487,424.42902945371645,107.85022975557058,4.171409494899353e-05,0.08504984941791548
481,31.771903154043876,5.1711045314010375,490.88747762369326,90.02897666428208,2.1545822715957194e-06,0.02663203708192037
482,36.406376154243475,17.0139928949575,436.386555942069,92.62108527375446,0.00046779030268277104,0.104508162103371
483,31.79395290849404,5.835296611972825,492.83345810745175,90.44798858883783,1.669671499488699e-05,0.19333909402785648
484,31.846041049128225,6.515424947861013,466.0424428144352,90.90269085926535,3.1097479368338865e-05,0.18794819073163455
485,31.966561788957378,7.302957548757119,472.9566329763,91.80102897496853,3.515817120237327e-05,0.023691223222337507
486,32.00881217007459,8.247141222263528,485.64852360622865,90.00011792858469,0.0001398744457801038,0.05146727817719857
487,32.698339430686595,10.50864336563832,450.9597720588214,93.94221119091729,0.00010347679622699913,0.09836258664040035
488,31.83699856953856,6.176350041539553,475.709608368832,90.9295668406652,1.569612959274663e-05,0.043988948719327146
489,37.25864522315242,19.860070899272884,456.7001089494266,109.31648848883265,3.007958125841051e-05,0.09301649817865194
490,32.34138591168182,9.077237023061148,484.7236784576589,93.85787487362755,4.329658783288221e-05,0.05563961362300929
491,32.69430388852027,10.193261380819717,481.8933930164604,95.85364940362537,2.6622111749593537e-05,0.05837346325588258
492,36.06689130532125,17.868672822320235,406.38740440133404,106.50060624486889,2.881863656468682e-05,0.1498352254909173
493,47.26187479667714,30.56542466942832,498.9769542902072,107.57023943622502,0.0006240203700940697,0.0653679392083755
494,32.19501027510094,8.37514443002165,489.6523774492987,93.32374164727507,3.0376781520494243e-05,0.058664907282801916
495,31.91989707347945,6.923925363608951,461.28389358864837,91.5653880491557,2.6713757571098504e-05,0.15834924183944052
496,32.29522094328774,8.592219772718302,428.4346879935069,94.29371598638977,8.028369683791268e-06,0.010530987861716037
497,31.768756504496746,5.939070034517052,406.94169585901375,90.14840615761301,3.14188018863071e-05,0.1835164028988904
498,32.373934465775164,8.896348997702814,451.97820576586946,94.75872904837576,6.131397830948021e-06,0.023710178104926496
499,38.08673727881622,19.045417208155424,485.98833986595764,91.9520105248939,0.0006119142798948004,0.014954939014461766
500,32.04130420430761,7.722996210330077,490.59044811968397,92.26049824112226,3.7857093066156534e-05,0.06775431975762146
501,41.446056470509546,22.973456651764888,472.44928215218727,93.18318063699806,0.0007978142686272511,0.07783671509568886
502,32.10779997543408,8.166839882007906,456.65312379388143,92.45853576305291,5.045418999563724e-05,0.018948662704591446
503,32.08956467891766,7.8117149762861535,457.1948679041881,92.81083182989815,2.327974483476154e-05,0.05056318034712454
504,46.28665411066218,29.700188396813058,468.81404184954647,107.9072308570517,0.0005599408790962373,0.02114239816605684
505,31.763250487692137,6.046079916047021,457.5915353975503,90.04670974567243,3.9463323164457866e-05,0.10513762561316056
506,34.504178180450054,14.353373047394268,487.7448483650976,93.4916796935272,0.000296796843684024,0.04613390516322836
507,31.99097332075527,7.9417673985055846,472.9869719882654,90.98952165157769,9.116089113911531e-05,0.053868143629066105
508,31.75855579763857,5.6187851732337775,470.19485009805055,90.03287252491322,2.1410566957528045e-05,0.13710582308285224
509,31.92029109737858,7.336043288097637,489.5797132641401,91.09222383421574,6.05857940994908e-05,0.09905348033589395
510,33.52449119624586,12.659554027033249,497.2954733022815,96.61665926148807,0.00010878750009795187,0.07562280860188411
511,32.98029985590013,11.063265538214809,451.7553213287613,97.03635830840282,2.613308732871296e-05,0.18691016077213174
512,36.5732283038276,18.764170344370395,443.2112792166058,108.25384746888831,1.5588569187779077e-05,0.1569980533702246
513,32.053810439960735,8.07514547921709,477.0173314532211,91.76965067115438,7.004797661870269e-05,0.04510356363577898
514,38.79531532887647,19.72993340252896,409.0519897949213,90.96925243424784,0.0006995967532212821,0.14713635269038383
515,32.61039447236518,9.789226182347983,457.6171786540577,95.88719057066132,8.250853234810182e-06,0.08295558300771673
516,31.779171003394136,5.804876098083087,498.6555558428422,90.27446369655107,2.1146591265045758e-05,0.01784068459604181
517,32.813967295701985,10.435373242404445,479.7167983928214,96.90969982531075,3.5145958954918392e-06,0.09607129460175723
518,36.85121364627695,19.126642401552605,438.8385044646741,106.89142295337135,6.931165329961239e-05,0.06635997250751657
519,40.012191652990076,23.38595673338023,420.91945784375804,109.0264356582368,0.00019152669401900353,0.19566059893811383
520,35.99174953863503,17.681094879712596,445.21654210402426,104.96387452870323,6.590249362613504e-05,0.120511303193307
521,37.19003576179606,19.769674694104832,485.4869465418558,109.54028519199788,2.0168656184379335e-05,0.16094325141239058
522,32.13587942696996,8.733397256853992,475.00859123392394,90.6568649374296,0.00013862192474642626,0.04565895083247862
523,33.523358165485256,12.495328503735553,430.51121399443826,99.79311715743397,2.0351801648646386e-06,0.18939967928576046
524,45.33191851978403,27.498714086892146,454.07443500347955,97.48526763296823,0.0008841145011854813,0.15822160611337674
525,35.43017845927844,16.711702286917564,485.0132766284905,105.49444330629154,1.0274109082453252e-05,0.08619404974878214
526,38.93457719075724,19.755424386195877,404.7058379460019,90.15459538575234,0.0007411946865884369,0.07621418002268833
527,32.06171302718415,8.3963818189664,455.0811927141069,90.70539278543576,0.00012161299334508598,0.11343189043877694
528,31.84878774953286,6.734204817004164,436.8983656952858,90.77369916514382,4.502915594635569e-05,0.05463549733864201
529,31.784250664158215,6.0880927634561415,462.6365541976258,90.3030560049915,3.2694439193185505e-05,0.07081133727186975
530,35.44978630877369,16.74018872989349,495.9606361226863,105.00068195893807,2.5656243657757693e-05,0.14830654937766127
531,33.5549652740485,12.67086433516905,472.4717626426937,98.57185214190342,4.672790311146982e-05,0.03631629684891956
532,31.804294310772832,5.741057511694656,460.47473415729576,90.56756194214137,8.968128324798852e-06,0.055908073568849206
533,33.67916396999467,12.991325744434365,475.031207920151,98.86746509677866,5.123283781757228e-05,0.14875918018004597
534,31.87836420106848,6.61265356185267,481.79851468731806,91.2586228524883,2.3430737638293557e-05,0.05400913594801041
535,31.833644769217322,6.20936059494266,464.0406116919674,90.87871386145471,1.8792009579529396e-05,0.1846850198296489
536,37.89112205883429,19.53672507492582,463.85805324799156,97.41427127291422,0.000407344344826435,0.08124912534174267
537,32.874378452989454,11.03507550640896,493.4220214202069,92.3476952332486,0.00018312427666105784,0.01176416755355407
538,48.86196649249206,31.165955131517585,475.03467912946957,100.30026773822563,0.0009971352278660256,0.1382888200865005
539,35.26323631727461,16.384802590755427,428.3546024525815,104.339234029717,3.033783792608265e-05,0.07285322516340796
540,31.897565290186968,6.627522060653909,421.62554734006375,91.49103769740464,1.6468798227703288e-05,0.18780459631781837
541,31.761644634769777,6.035863299943459,496.66098812552156,90.02897666428208,3.961299006583521e-05,0.05862971886786304
542,40.170809896891036,21.664193206999943,437.3335829510812,93.45544918875991,0.0007015037561840327,0.08604267835357779
543,34.68265582266844,14.649795098449045,457.109278473627,93.65600060491262,0.00030481382980130083,0.19333909402785648
544,35.575019280766504,16.961640443516018,491.0341570782565,104.86152269565352,3.8826193423035886e-05,0.08452066319016427
545,32.803624659658176,10.57838124983955,455.2684005116247,96.080710311131,3.575858658366282e-05,0.1440249785951326
546,32.12967510399019,8.206576224765799,400.94392762164955,92.68165543909967,4.434426614437708e-05,0.18087036697073655
547,31.776821373737388,5.654563906684474,457.70170796926374,90.24629310635846,1.5876241586710172e-05,0.08685462179775646
548,31.85034028183393,6.562874877438079,475.709608368832,90.9295668406652,3.225276879003421e-05,0.05426758872419181
549,36.612849796477825,18.82062623651693,485.6226941763083,108.05729587583282,2.336670279338575e-05,0.02529753412806074
550,34.99450184013611,15.86217728740192,470.96196024335757,103.79509281955498,2.4207866316554077e-05,0.15205874044295553
551,31.91906699389336,7.19970511417265,463.4046767469249,91.26337620987125,4.877370399781637e-05,0.07860452560331939
552,33.919120365649555,13.525229213726877,455.5804908905432,100.97547797865526,9.466511966355344e-06,0.05599318098502357
553,32.073956085675,8.461006879116738,498.8309083165622,90.66307054497884,0.0001260364193899717,0.011312826464262696
554,35.50228048059031,16.83790855644994,452.3161377377654,105.11141406199049,2.6418955128951302e-05,0.06914677796003406
555,35.56759547520015,16.96957661368259,444.09056988268554,105.7544157459221,1.336156142931242e-05,0.15834924183944052
556,33.53631664156345,12.596224741606614,431.39538891114603,99.09000023440821,2.7591146443064205e-05,0.09189373484366058
557,31.76824682569097,5.828748556406284,462.82100771662476,90.15591892081612,2.639974577957956e-05,0.1799508305614958
558,31.930575847959105,7.140504680517,479.2355166066264,91.50385695403513,3.802092686826849e-05,0.13934212220585324
559,32.311512621731985,8.943321241734507,485.98833986595764,93.75795039888803,4.07664100390945e-05,0.030868822490485878
560,31.763977972113786,5.711386407879699,481.7647306689851,90.1047957816082,2.302799147143003e-05,0.15126497421397833
561,31.837306543485827,6.616720571871655,454.80886170930404,90.72043692896764,4.1712018078590284e-05,0.18857814279477808
562,32.2644752207401,9.002794228406133,418.3252885727753,92.64935380071543,8.060638678634015e-05,0.018948662704591446
563,39.254994486204055,20.551852195726855,471.39444648718927,92.81083182989815,0.000663129075115449,0.14749391798945236
564,31.957476710438065,6.828226304965303,466.35772400523155,92.08791641115842,5.305479205373561e-06,0.13126760479545704
565,43.443314000046286,25.439669526046934,474.52056133741957,95.9960406745822,0.0008204541174697507,0.04260435361231982
566,32.17425815732457,8.122835225034756,484.0329727090576,93.4916796935272,1.4086746108586982e-05,0.15214762420491512
567,32.79386586815154,10.572242637330469,483.38843191610727,95.92387260430684,4.054616474400563e-05,0.0947256886372127
568,31.891946916624157,7.556940601464264,402.1926429788923,90.14506365379165,0.00010330686470338447,0.09455860382982442
569,31.844050324675774,6.196635043985579,475.6795840690603,91.00852520737371,1.3957500480766682e-05,0.03285046912799168
570,33.52449119624586,12.659554027033249,497.2954733022815,96.61665926148807,0.00010878750009795187,0.17388244588748875
571,31.904787855670822,7.265400256818598,483.59455374108103,90.96553276103106,6.179447299341478e-05,0.14715012245349557
572,31.832495406683343,7.049428517292172,475.0114122287241,90.17060008766622,7.952790821768153e-05,0.08542969118080676
573,39.59164652122703,20.770556757387883,492.5439957907096,91.76965067115438,0.0007258746176209413,0.0587342570204247
574,45.49116221696722,28.935576388156715,473.70882049351707,107.80281282403242,0.00052031908792523,0.05442728615934946
575,31.94670641520161,7.416255219118832,404.12086957415465,91.36150352237489,5.492257397975809e-05,0.0533232610166211
576,31.96634612921689,7.002120684752012,485.71660768104385,92.07842317529378,1.2906665891067358e-05,0.018165729567546987
577,33.22415716971656,11.659366045689438,498.0102962124073,98.57673066266479,3.5145958954918392e-06,0.049656485102957844
578,31.784342150513588,6.132609486348884,488.799967438532,90.29010333469364,3.506567039904355e-05,0.15612844759120773
579,31.858898747454386,7.008951279955752,468.0494316271562,90.62676612721174,6.203484374960364e-05,0.09520030195588886
580,35.589943762220564,16.956280499189962,475.49219171019257,103.93333823801854,6.590249362613504e-05,0.06748703735778688
581,32.39516186210508,9.190878070469747,471.2981684040955,94.39043271452634,3.0637862172927044e-05,0.12901641676280973
582,36.62641260870251,17.064384547626855,467.5866721723167,91.04076458978813,0.0005389509718908079,0.13824489571521037
583,32.01411231767889,7.385846734294576,430.51121399443826,92.31502148392067,2.1509974300837776e-05,0.06128781678223018
584,36.429030304673745,18.475641048810825,499.86341037427513,106.8081019688906,4.4856226866238054e-05,0.011625389465614033
585,31.96592621087929,7.838736075438341,427.58798797170107,90.81058938905403,9.277142756004538e-05,0.1843922488962671
586,34.410768034249415,14.66017399378981,491.2628998068286,101.74254348801088,3.399840267810758e-05,0.13160763319104135
587,35.014564105289665,15.898167748652963,455.56397256588383,103.35629145639862,3.848677352501575e-05,0.1233556628522239
588,31.851256187038913,6.2747134614405695,436.8983656952858,91.07105324829485,1.523232115687611e-05,0.17657243233576514
589,31.7828574764687,5.873040853159255,475.87023391796004,90.32931521657204,2.2538968031746566e-05,0.07081133727186975
590,31.785608238337666,5.55798679062425,420.3987764918109,90.35364736566302,8.125704572766444e-06,0.12687263605185584
591,31.815311840032965,6.3312734751001365,485.0799378319614,90.60604033819638,3.302545694703512e-05,0.0697188610810327
592,36.000419977850314,16.210870225661928,460.47473415729576,90.87179154634424,0.000499184025271564,0.03383703701278658
593,33.28387042005537,11.80648813029687,473.8868533428392,98.86746509677866,1.0169755517731036e-06,0.14875918018004597
594,31.896506851646663,7.575709270335176,446.4842107150281,90.18430259394236,0.00010278647577171776,0.05511220197063274
595,32.607130017298495,9.779643156787143,481.8825613008639,95.86655006581516,8.498198112745947e-06,0.11820901786027636
596,31.822111812498775,7.004173807760223,483.992027986172,90.07342990270602,8.085893597020548e-05,0.06595460572974007
597,35.50182747425705,15.727031091310865,468.1583320107519,92.3476952332486,0.0004109544235113693,0.03191731327723525
598,32.115398617428504,7.9370077303527715,498.57626276385685,92.97944210531219,2.301715373820095e-05,0.12915629487161234
599,31.941192286337447,7.047336053858133,492.99087524702793,91.72818319520277,2.6578919419122354e-05,0.18838928989840836
600,31.85054769857349,6.292160295147581,452.49855867820855,91.05621609085765,1.6468798227703288e-05,0.07145589069228864
601,31.850953266882478,7.293203407067719,481.6454510612607,90.02897666428208,9.542470939281699e-05,0.04875732856833609
602,32.54093276425335,9.57935736419469,402.4222338418137,95.45934967787183,1.2888084609567578e-05,0.08146583342333957
603,31.857767589844894,6.269840174948119,461.78603783169103,91.15077373279114,1.2394235140688486e-05,0.01747876893100446
604,32.641425940133956,10.40173695104596,470.00641724932007,91.73708175966732,0.00017596459255296776,0.15648297465222163
605,31.806122169933754,6.750211464561135,425.9608070718193,90.14007007581489,6.721601887008718e-05,0.13096245991901323
606,31.814584728101572,6.09199151753669,432.09631746558284,90.68094702632159,2.0295768610526822e-05,0.19943218976538052
607,35.21428463770708,16.297489601948357,443.66633607933244,105.13698531003294,3.59461808013546e-06,0.0631264507008333
608,34.95214365668674,15.777966465271524,409.23849069962444,103.85671468285183,1.89233065732889e-05,0.1301601653385344
609,32.01256691972333,7.4014632219661936,473.4478331618357,92.27930429582904,2.336670279338575e-05,0.022830343241021428
610,31.818485880000534,6.413635386136231,421.0583894082644,90.60287589595484,3.67133194370531e-05,0.039663498394123683
611,34.300795368124625,14.426232281750762,495.7927378437835,100.92627795009497,4.877370399781637e-05,0.0986368055658801
612,31.833444087958583,6.03029819299219,480.3759237368938,90.9135709403154,9.97022476528363e-06,0.02792269326551934
613,31.95004098703411,7.045148962806837,480.60217931008833,91.84522766615076,2.2588827486920708e-05,0.011312826464262696
614,32.13960408029515,8.125117250856501,457.78008806396247,92.9991316435512,3.0376781520494243e-05,0.07174991285198148
615,33.08757595839622,11.375544186269613,438.1826369983033,97.38325885192155,2.84562541957821e-05,0.1773554337400405
616,31.755639884926033,5.7912113004888415,451.6977806582531,90.0047341989024,2.9815445277802245e-05,0.020385458323087455
617,31.854936926915986,7.018377904885894,449.70744070076285,90.555699049438,6.485970900009747e-05,0.0553259809887817
618,31.804520529082957,6.2970640002728,499.1659545747962,90.47981631225866,3.5762351779833725e-05,0.11151286905159721
619,47.942203059365056,30.33283419337903,451.8585366041785,100.35144835958393,0.0009363087000846542,0.030868822490485878
620,31.763977972113786,5.711386407879699,481.7647306689851,90.1047957816082,2.302799147143003e-05,0.1395674188071594
621,35.1699002396444,16.209852875604213,446.5325258782149,104.81190973774406,9.285682803571757e-06,0.02045129789834757
622,32.10779997543408,8.166839882007906,401.0327413823819,92.45853576305291,5.045418999563724e-05,0.05883275904877381
623,31.885376922297826,7.148909890278499,401.9306342673598,90.83653202967456,6.1028650404708416e-05,0.05056318034712454
624,34.83568779644805,15.540836047427108,418.04766960909234,103.90757068011968,7.665964573219273e-06,0.13126760479545704
625,31.763250487692137,6.046079916047021,446.6895948768701,90.04670974567243,3.9463323164457866e-05,0.08752425781896365
626,39.68633448381685,21.137861734630643,411.4899576836521,93.4916796935272,0.0006672393629411395,0.08446786793477823
627,32.111786703833424,7.820472528167662,447.568261304115,93.09937426312631,1.4115950100872091e-05,0.011405236303685784
628,34.013823671828256,13.771826827388436,448.84144773875454,100.82660155091432,2.4130927864050378e-05,0.17871720681886671
629,32.263324636391744,8.570291047257957,460.9231414869948,93.8943417825452,2.003319342186422e-05,0.13613601773872683
630,32.175150037270356,8.780851688829959,497.2954733022815,91.55704865852218,0.00010878750009795187,0.048018547632576944
631,31.78210166806856,5.854239195167697,491.22022880249324,90.32105199141266,2.2003671532377217e-05,0.159714325382277
632,31.769024331020457,6.089969298179465,423.1776304218545,90.10779738167415,3.932663556382326e-05,0.08542969118080676
633,31.86338268887575,7.124620458971868,453.69794553759,90.54315006205627,7.004797661870269e-05,0.04510356363577898
634,31.779833985889418,6.315444493078128,473.70882049351707,90.1467525044627,4.787070097522859e-05,0.033744037448848366
635,34.84761093480624,15.560048028773387,436.58504345424075,102.3443020515712,5.408828852522822e-05,0.07895315547844318
636,31.828683104192326,6.215301714213299,433.1728864476104,90.815293209787,2.1146591265045758e-05,0.1403563289405831
637,32.89917646422198,10.779125576285134,428.02421248617276,96.90969982531075,1.7993513425111022e-05,0.09607129460175723
638,31.91170551133584,7.226816349921374,488.799967438532,91.11791311658445,5.48855459345452e-05,0.024860412709641497
639,33.31347715472574,11.970527034858168,495.18082859355525,98.29593688776356,2.5293900860360447e-05,0.022716841399988502
640,32.74211369142343,10.672155820608094,482.26352026566275,91.65619309469186,0.0001913829648917118,0.048050146180729704
641,31.921520231198528,6.8383491207007046,430.1870689253119,91.64852842288042,2.0168656184379335e-05,0.03539985582013709
642,36.33104827729735,18.2943384703074,462.8384480762969,106.26905150461569,5.3074504273086464e-05,0.1476799540108848
643,31.829608171317304,6.228762562112291,430.51121399443826,90.82177258579698,2.1509974300837776e-05,0.06217008741227052
644,32.350262243673896,8.856833007098018,468.34000050758385,94.52198387253384,1.1994526244458472e-05,0.01434945977546416
645,31.83043808572175,6.295762891279592,425.00070090422105,90.81058938905403,2.4775785214303726e-05,0.13634639479522587
646,31.842745512543388,6.53864632852251,459.2786831688555,90.84601505117666,3.399840267810758e-05,0.031155698805667167
647,31.77343911576932,6.074692783794558,455.1548824143186,90.16920613756567,3.659565634017497e-05,0.15348918221580746
648,31.778801119493984,5.949062754323065,471.2033698589341,90.27208302379762,2.7722132956059834e-05,0.17657243233576514
649,31.78253978479758,5.973250637103244,445.46954276595704,90.31427785556592,2.735822557573198e-05,0.01985472741432695
650,36.42913909753516,18.526578895215035,466.41880195062606,108.17862992426605,8.125704572766444e-06,0.15239079331451003
651,33.96449846612215,13.66418828011455,454.8789017434589,100.38750210421605,3.302545694703512e-05,0.0697188610810327
652,31.86812371782289,6.230156143612512,460.47473415729576,91.2821599533289,6.375485002822821e-06,0.0769294857335245
653,33.50828584000202,12.523688434866637,473.8868533428392,98.86746509677866,3.136589880836161e-05,0.06326872466130316
654,31.907505672036077,7.056007140516878,445.27047722644204,91.27174746723833,4.2243578003748944e-05,0.015661201555101367
655,31.84415071435292,6.514876292681759,428.3121622486069,90.87871386145471,3.187507921164164e-05,0.025014446611418897
656,31.853172472318352,7.1773493252568725,448.2466480846075,90.29783414683895,8.085893597020548e-05,0.021370966048108828
657,31.783875400997566,5.615194845504404,477.66437733346834,90.31780715867455,1.1810408742294091e-05,0.12740404400944078
658,35.17581371168271,16.224748051565975,487.40434955452463,104.76275873642855,1.1189303630819263e-05,0.029953943091858226
659,31.875183512385618,6.641463569877326,452.12532913938026,91.20128674478443,2.6578919419122354e-05,0.02866683643486327
660,32.43453665478145,9.534782476990891,421.05790143014167,93.8610827503502,6.316567008243811e-05,0.01245623190049494
661,31.755639884926033,5.7912113004888415,451.6977806582531,90.0047341989024,2.9815445277802245e-05,0.020385458323087455
662,31.755639884926033,5.7912113004888415,451.69778066825313,90.0047341989024,2.9815445277802245e-05,0.020385458323087455
663,31.75563988578813,5.791211308191239,451.6977806582531,90.00473420890239,2.9815445277802245e-05,0.020385458323087455
664,31.755641139040225,5.791442157100479,451.6977806582531,90.0047341989024,2.9825445277802247e-05,0.020385458323087455
665,31.755639884926033,5.7912113004888415,451.6977806582531,90.0047341989024,2.9815445277802245e-05,0.020385468323087456
666,31.77264807527672,5.099120352437605,451.6977806582531,90.0,1e-09,0.020385458323087455
667,31.77264807527672,5.099120352437605,451.69778066825313,90.0,1e-09,0.020385458323087455
668,31.77264807587583,5.099120360081498,451.6977806582531,90.00000001,1e-09,0.020385458323087455
669,31.772636582297398,5.099352144062955,451.6977806582531,90.0,1.1000000000000001e-08,0.020385458323087455
670,31.77264807527672,5.099120352437605,451.6977806582531,90.0,1e-09,0.020385468323087456
671,31.755455132270928,5.733389870871394,451.6977806582531,90.0043385616813,2.7323850707779105e-05,0.020385458323087455
672,31.755455132270928,5.733389870871394,451.69778066825313,90.0043385616813,2.7323850707779105e-05,0.020385458323087455
673,31.755455133105684,5.733389878561841,451.6977806582531,90.00433857168129,2.7323850707779105e-05,0.020385458323087455
674,31.755455091415087,5.733620666301738,451.6977806582531,90.0043385616813,2.7333850707779107e-05,0.020385458323087455
675,31.755455132270928,5.733389870871394,451.6977806582531,90.0043385616813,2.7323850707779105e-05,0.020385468323087456
676,31.755450985716628,5.729298783576122,451.6977806582531,90.00427023638954,2.7148868069563004e-05,0.020385458323087455
677,31.755450985716628,5.729298783576122,451.69778066825313,90.00427023638954,2.7148868069563004e-05,0.020385458323087455
678,31.75545098654946,5.729298791265926,451.6977806582531,90.00427024638954,2.7148868069563004e-05,0.020385458323087455
679,31.75545085449252,5.729529581678352,451.6977806582531,90.00427023638954,2.7158868069563005e-05,0.020385458323087455
680,31.755450985716628,5.729298783576122,451.6977806582531,90.00427023638954,2.7148868069563004e-05,0.020385468323087456
681,31.755436984640433,5.7205550781823975,451.6977806582531,90.00399933548533,2.6779050972415784e-05,0.020385458323087455
682,31.755436984640433,5.7205550781823975,451.69778066825313,90.00399933548533,2.6779050972415784e-05,0.020385458323087455
683,31.7554369854692,5.720555085870769,451.6977806582531,90.00399934548533,2.6779050972415784e-05,0.020385458323087455
684,31.75543666098499,5.720785881425587,451.6977806582531,90.00399933548533,2.6789050972415786e-05,0.020385458323087455
685,31.755436984640433,5.7205550781823975,451.6977806582531,90.00399933548533,2.6779050972415784e-05,0.020385468323087456
686,31.755403186269223,5.707784954260985,451.6977806582531,90.00329886194035,2.6249134825277674e-05,0.020385458323087455
687,31.755403186269223,5.707784954260985,451.69778066825313,90.00329886194035,2.6249134825277674e-05,0.020385458323087455
688,31.755403187092305,5.707784961947542,451.6977806582531,90.00329887194034,2.6249134825277674e-05,0.020385458323087455
689,31.755402594980083,5.708015777225628,451.6977806582531,90.00329886194035,2.6259134825277675e-05,0.020385458323087455
690,31.755403186269223,5.707784954260985,451.6977806582531,90.00329886194035,2.6249134825277674e-05,0.020385468323087456
691,31.75531022876803,5.684500559866,451.6977806582531,90.0012054532995,2.53101176130542e-05,0.020385458323087455
692,31.75531022876803,5.684500559866,451.69778066825313,90.0012054532995,2.53101176130542e-05,0.020385458323087455
693,31.755310229583245,5.684500567550448,451.6977806582531,90.0012054632995,2.53101176130542e-05,0.020385458323087455
694,31.755309168678032,5.684731410904674,451.6977806582531,90.0012054532995,2.5320117613054202e-05,0.020385458323087455
695,31.75531022876803,5.684500559866,451.6977806582531,90.0012054532995,2.53101176130542e-05,0.020385468323087456
696,31.755208994354085,5.6842190596147,451.6977806582531,90.0,2.5338050132647827e-05,0.020385458323087455
697,31.755208994354085,5.6842190596147,451.69778066825313,90.0,2.5338050132647827e-05,0.020385458323087455
698,31.755208995169266,5.684219067299033,451.6977806582531,90.00000001,2.5338050132647827e-05,0.020385458323087455
699,31.75520793590366,5.684449906120493,451.6977806582531,90.0,2.5348050132647828e-05,0.020385458323087455
700,31.755208994354085,5.6842190596147,451.6977806582531,90.0,2.5338050132647827e-05,0.020385468323087456
701,31.755092505556448,5.733216934793818,451.6977806582531,90.0,2.746092805755606e-05,0.020385458323087455
702,31.755092505556448,5.733216934793818,451.69778066825313,90.0,2.746092805755606e-05,0.020385458323087455
703,31.755092506391346,5.7332169424839945,451.6977806582531,90.00000001,2.746092805755606e-05,0.020385458323087455
704,31.755092488215034,5.733447711996291,451.6977806582531,90.0,2.7470928057556063e-05,0.020385458323087455
705,31.755092505556448,5.733216934793818,451.6977806582531,90.0,2.746092805755606e-05,0.020385468323087456
706,31.756122718938645,5.7404901288300225,451.6977806582531,90.0,2.749628814354469e-05,0.020385458323087455
707,31.756122718938645,5.7404901288300225,451.69778066825313,90.0,2.749628814354469e-05,0.020385458323087455
708,31.75612271977745,5.74049013652396,451.6977806582531,90.00000001,2.749628814354469e-05,0.020385458323087455
709,31.75612286469004,5.7407210721043,451.6977806582531,90.0,2.7506288143544693e-05,0.020385458323087455
710,31.756122718938645,5.7404901288300225,451.6977806582531,90.0,2.749628814354469e-05,0.020385468323087456
711,31.755092505555744,5.733216942890099,451.6977806582531,90.0,2.7460928408382394e-05,0.020385458323087455
712,31.755092505555744,5.733216942890099,451.69778066825313,90.0,2.7460928408382394e-05,0.020385458323087455
713,31.755092506390664,5.7332169505802675,451.6977806582531,90.00000001,2.7460928408382394e-05,0.020385458323087455
714,31.755092488214505,5.733447720092537,451.6977806582531,90.0,2.7470928408382395e-05,0.020385458323087455
715,31.755092505555744,5.733216942890099,451.6977806582531,90.0,2.7460928408382394e-05,0.020385468323087456
716,31.755092505555304,5.733216948132122,451.6977806582531,90.0,2.7460928635529234e-05,0.020385458323087455
717,31.755092505555304,5.733216948132122,451.69778066825313,90.0,2.7460928635529234e-05,0.020385458323087455
718,31.755092506390188,5.733216955822303,451.6977806582531,90.00000001,2.7460928635529234e-05,0.020385458323087455
719,31.755092488214178,5.733447725334594,451.6977806582531,90.0,2.7470928635529235e-05,0.020385458323087455
720,31.755092505555304,5.733216948132122,451.6977806582531,90.0,2.7460928635529234e-05,0.020385468323087456
721,31.756122473799497,5.740081826399715,451.6977806582531,90.0,2.747860838953696e-05,0.020385458323087455
722,31.756122473799497,5.740081826399715,451.69778066825313,90.0,2.747860838953696e-05,0.020385458323087455
723,31.75612247463813,5.7400818340936,451.6977806582531,90.00000001,2.747860838953696e-05,0.020385458323087455
724,31.756122610485946,5.740312769964741,451.6977806582531,90.0,2.7488608389536963e-05,0.020385458323087455
725,31.756122473799497,5.740081826399715,451.6977806582531,90.0,2.747860838953696e-05,0.020385468323087456
726,31.755092505555123,5.733216950156431,451.6977806582531,90.0,2.7460928723245906e-05,0.020385458323087455
727,31.755092505555123,5.733216950156431,451.69778066825313,90.0,2.7460928723245906e-05,0.020385458323087455
728,31.755092506390017,5.733216957846587,451.6977806582531,90.00000001,2.7460928723245906e-05,0.020385458323087455
729,31.75509248821404,5.73344772735889,451.6977806582531,90.0,2.7470928723245907e-05,0.020385458323087455
730,31.755092505555123,5.733216950156431,451.6977806582531,90.0,2.7460928723245906e-05,0.020385468323087456
731,31.755092505555012,5.733216951288361,451.6977806582531,90.0,2.7460928772294822e-05,0.020385458323087455
732,31.755092505555012,5.733216951288361,451.69778066825313,90.0,2.7460928772294822e-05,0.020385458323087455
733,31.755092506389918,5.733216958978528,451.6977806582531,90.00000001,2.7460928772294822e-05,0.020385458323087455
734,31.755092488213958,5.733447728490821,451.6977806582531,90.0,2.7470928772294824e-05,0.020385458323087455
735,31.755092505555012,5.733216951288361,451.6977806582531,90.0,2.7460928772294822e-05,0.020385468323087456
736,31.75509248996326,5.733420953927344,451.6977806582531,90.0,2.746976858091589e-05,0.020385458323087455
737,31.75509248996326,5.733420953927344,451.69778066825313,90.0,2.746976858091589e-05,0.020385458323087455
738,31.755092490798283,5.733420961617566,451.6977806582531,90.00000001,2.746976858091589e-05,0.020385458323087455
739,31.75612248939483,5.740108620281463,451.6977806582531,90.0,2.7479768580915893e-05,0.020385458323087455
740,31.75509248996326,5.733420953927344,451.6977806582531,90.0,2.746976858091589e-05,0.020385468323087456
741,31.75509250555474,5.733216954722895,451.6977806582531,90.0,2.7460928921119202e-05,0.020385458323087455
742,31.75509250555474,5.733216954722895,451.69778066825313,90.0,2.7460928921119202e-05,0.020385458323087455
743,31.755092506389612,5.7332169624130485,451.6977806582531,90.00000001,2.7460928921119202e-05,0.020385458323087455
744,31.75509248821376,5.733447731925346,451.6977806582531,90.0,2.7470928921119204e-05,0.020385458323087455
745,31.75509250555474,5.733216954722895,451.6977806582531,90.0,2.7460928921119202e-05,0.020385468323087456
746,31.75509249471567,5.733352955963487,451.6977806582531,90.0,2.746682210375986e-05,0.020385458323087455
747,31.75509249471567,5.733352955963487,451.69778066825313,90.0,2.746682210375986e-05,0.020385458323087455
748,31.755092495550638,5.7333529636537,451.6977806582531,90.00000001,2.746682210375986e-05,0.020385458323087455
749,31.756122449923154,5.740040573261858,451.6977806582531,90.0,2.747682210375986e-05,0.020385458323087455
750,31.75509249471567,5.733352955963487,451.6977806582531,90.0,2.746682210375986e-05,0.020385468323087456
751,31.75509249093053,5.73340658433208,451.6977806582531,90.0,2.7469145919804395e-05,0.020385458323087455
752,31.75509249093053,5.73340658433208,451.69778066825313,90.0,2.7469145919804395e-05,0.020385458323087455
753,31.755092491765485,5.733406592022275,451.6977806582531,90.00000001,2.7469145919804395e-05,0.020385458323087455
754,31.75612248101639,5.7400942403195225,451.6977806582531,90.0,2.7479145919804396e-05,0.020385458323087455
755,31.75509249093053,5.73340658433208,451.6977806582531,90.0,2.7469145919804395e-05,0.020385468323087456
756,31.75509248996326,5.733420953927344,451.6977806582531,90.0,2.746976858091589e-05,0.020385458323087455
757,31.75509248996326,5.733420953927344,451.69778066825313,90.0,2.746976858091589e-05,0.020385458323087455
758,31.755092490798283,5.733420961617566,451.6977806582531,90.00000001,2.746976858091589e-05,0.020385458323087455
759,31.75612248939483,5.740108620281463,451.6977806582531,90.0,2.7479768580915893e-05,0.020385458323087455
760,31.75509248996326,5.733420953927344,451.6977806582531,90.0,2.746976858091589e-05,0.020385468323087456
